sample,diameter_mm,cold_reduction_percent,variant,family,assumption,grain_count,area_weighted_mean_max_schmid,area_weighted_median_max_schmid,area_fraction_schmid_ge_0_4,taylor_factor_area_weighted_mean
7d,7,0,raw,pyramidal_ca,geometric absolute Schmid factor; no CRSS activity claim; Taylor sensitivity not computed because CRSS was not supplied,3160,0.46366599580244,0.467214191238921,0.980758203427664,NaN
7d,7,0,denoised,pyramidal_ca,geometric absolute Schmid factor; no CRSS activity claim; Taylor sensitivity not computed because CRSS was not supplied,3167,0.463661278739301,0.467214191238921,0.980754072700028,NaN
6.48d,6.48,14.31,raw,pyramidal_ca,geometric absolute Schmid factor; no CRSS activity claim; Taylor sensitivity not computed because CRSS was not supplied,5258,0.467245910636158,0.472004411327685,0.993341463661829,NaN
6.48d,6.48,14.31,denoised,pyramidal_ca,geometric absolute Schmid factor; no CRSS activity claim; Taylor sensitivity not computed because CRSS was not supplied,5577,0.467222703205321,0.471850420237737,0.993348326724405,NaN
6.02d,6.02,26.04,raw,pyramidal_ca,geometric absolute Schmid factor; no CRSS activity claim; Taylor sensitivity not computed because CRSS was not supplied,3374,0.466431435371585,0.4700926475978,0.99401870588685,NaN
6.02d,6.02,26.04,denoised,pyramidal_ca,geometric absolute Schmid factor; no CRSS activity claim; Taylor sensitivity not computed because CRSS was not supplied,3435,0.466421552556355,0.470132224311037,0.994037280790926,NaN
5.6d,5.6,36,raw,pyramidal_ca,geometric absolute Schmid factor; no CRSS activity claim; Taylor sensitivity not computed because CRSS was not supplied,6926,0.469859456579861,0.475765125891516,0.995350804778976,NaN
5.6d,5.6,36,denoised,pyramidal_ca,geometric absolute Schmid factor; no CRSS activity claim; Taylor sensitivity not computed because CRSS was not supplied,8143,0.469798102084714,0.475548681454265,0.995237986304919,NaN
5.25d,5.25,43.75,raw,pyramidal_ca,geometric absolute Schmid factor; no CRSS activity claim; Taylor sensitivity not computed because CRSS was not supplied,8327,0.470395895554829,0.476438595872325,0.998660827183486,NaN
5.25d,5.25,43.75,denoised,pyramidal_ca,geometric absolute Schmid factor; no CRSS activity claim; Taylor sensitivity not computed because CRSS was not supplied,11240,0.470289316489458,0.476275365422747,0.998495829345001,NaN
5d,5,48.98,raw,pyramidal_ca,geometric absolute Schmid factor; no CRSS activity claim; Taylor sensitivity not computed because CRSS was not supplied,8655,0.471317800262099,0.477134877434635,0.997507527769666,NaN
5d,5,48.98,denoised,pyramidal_ca,geometric absolute Schmid factor; no CRSS activity claim; Taylor sensitivity not computed because CRSS was not supplied,10547,0.471170728369316,0.476956594247159,0.997302239276505,NaN
