path,size_bytes,extension,acquisition_id,source_group,filename_description,manuscript_state,section,sample_mapping_basis,width_px,height_px,export_mode,instrument,voltage_V,acquisition_start_utc,operating_mode,projector_mode,camera_length_m,detector,pixel_size_x,pixel_size_y,pixel_unit,field_width_X_um,field_width_Y_um,metadata_status
data/9_DF/DF/0001 - 7MM 520 mm Camera Ceta.tif,50350029,.tif,0001,7MM,520 mm Camera Ceta,M-7.00,longitudinal,"author confirmation, 2026-09-26",4096,4096,RGB,Talos F200X,200000,2026-09-23T05:26:59.000Z,TEM,Diffraction,0.52400000000000002,BM-Ceta,11392609.098140769,11392609.098140769,1/m,,,ok
data/9_DF/DF/0002 - 7MM 11000 x Camera Ceta.tif,50350282,.tif,0002,7MM,11000 x Camera Ceta,M-7.00,longitudinal,"author confirmation, 2026-09-26",4096,4096,RGB,Talos F200X,200000,2026-09-23T05:28:04.000Z,TEM,Imaging,0.52400000000000002,BM-Ceta,1.3665301976556193e-09,1.3665301976556193e-09,m,5.597307689597416,5.597307689597416,ok
data/9_DF/DF/0003 - 7MM 520 mm Camera Ceta.tif,50350029,.tif,0003,7MM,520 mm Camera Ceta,M-7.00,longitudinal,"author confirmation, 2026-09-26",4096,4096,RGB,Talos F200X,200000,2026-09-23T05:32:03.000Z,TEM,Diffraction,0.52400000000000002,BM-Ceta,11392609.098140769,11392609.098140769,1/m,,,ok
data/9_DF/DF/0004 - 7MM 520 mm Camera Ceta.tif,50350029,.tif,0004,7MM,520 mm Camera Ceta,M-7.00,longitudinal,"author confirmation, 2026-09-26",4096,4096,RGB,Talos F200X,200000,2026-09-23T05:39:16.000Z,TEM,Diffraction,0.52400000000000002,BM-Ceta,11392609.098140769,11392609.098140769,1/m,,,ok
data/9_DF/DF/0005 - 7MM 520 mm Camera Ceta.tif,50350030,.tif,0005,7MM,520 mm Camera Ceta,M-7.00,longitudinal,"author confirmation, 2026-09-26",4096,4096,RGB,Talos F200X,200000,2026-09-23T05:52:22.000Z,TEM,Diffraction,0.52400000000000002,BM-Ceta,11392609.098140769,11392609.098140769,1/m,,,ok
data/9_DF/DF/0006 - 7MM 22500 x STEM BF-S.tif,12602074,.tif,0006,7MM,22500 x STEM BF-S,M-7.00,longitudinal,"author confirmation, 2026-09-26",2048,2048,RGB,Talos F200X,200000,2026-09-23T05:55:15.000Z,STEM,Diffraction,0.125,BF-S,2.1703696219522647e-09,2.1703696219522647e-09,m,4.444916985758238,4.444916985758238,ok
data/9_DF/DF/0006 - 7MM 22500 x STEM DF-O.tif,12602072,.tif,0006,7MM,22500 x STEM DF-O,M-7.00,longitudinal,"author confirmation, 2026-09-26",2048,2048,RGB,Talos F200X,200000,2026-09-23T05:55:15.000Z,STEM,Diffraction,0.125,DF-S,2.1703696219522647e-09,2.1703696219522647e-09,m,4.444916985758238,4.444916985758238,ok
data/9_DF/DF/0006 - 7MM 22500 x STEM DF-S.tif,12602074,.tif,0006,7MM,22500 x STEM DF-S,M-7.00,longitudinal,"author confirmation, 2026-09-26",2048,2048,RGB,Talos F200X,200000,2026-09-23T05:55:15.000Z,STEM,Diffraction,0.125,DF-S,2.1703696219522647e-09,2.1703696219522647e-09,m,4.444916985758238,4.444916985758238,ok
data/9_DF/DF/0006 - 7MM 22500 x STEM HAADF.tif,12601934,.tif,0006,7MM,22500 x STEM HAADF,M-7.00,longitudinal,"author confirmation, 2026-09-26",2048,2048,RGB,Talos F200X,200000,2026-09-23T05:55:15.000Z,STEM,Diffraction,0.125,HAADF,2.1703696219522647e-09,2.1703696219522647e-09,m,4.444916985758238,4.444916985758238,ok
data/9_DF/DF/0007 - 7MM 32000 x STEM BF-S.tif,12602074,.tif,0007,7MM,32000 x STEM BF-S,M-7.00,longitudinal,"author confirmation, 2026-09-26",2048,2048,RGB,Talos F200X,200000,2026-09-23T05:55:47.000Z,STEM,Diffraction,0.125,BF-S,1.5218658530938747e-09,1.5218658530938747e-09,m,3.1167812671362554,3.1167812671362554,ok
data/9_DF/DF/0007 - 7MM 32000 x STEM DF-O.tif,12602074,.tif,0007,7MM,32000 x STEM DF-O,M-7.00,longitudinal,"author confirmation, 2026-09-26",2048,2048,RGB,Talos F200X,200000,2026-09-23T05:55:48.000Z,STEM,Diffraction,0.125,DF-S,1.5218658530938747e-09,1.5218658530938747e-09,m,3.1167812671362554,3.1167812671362554,ok
data/9_DF/DF/0007 - 7MM 32000 x STEM DF-S.tif,12602074,.tif,0007,7MM,32000 x STEM DF-S,M-7.00,longitudinal,"author confirmation, 2026-09-26",2048,2048,RGB,Talos F200X,200000,2026-09-23T05:55:47.000Z,STEM,Diffraction,0.125,DF-S,1.5218658530938747e-09,1.5218658530938747e-09,m,3.1167812671362554,3.1167812671362554,ok
data/9_DF/DF/0007 - 7MM 32000 x STEM HAADF.tif,12601934,.tif,0007,7MM,32000 x STEM HAADF,M-7.00,longitudinal,"author confirmation, 2026-09-26",2048,2048,RGB,Talos F200X,200000,2026-09-23T05:55:47.000Z,STEM,Diffraction,0.125,HAADF,1.5218658530938747e-09,1.5218658530938747e-09,m,3.1167812671362554,3.1167812671362554,ok
data/9_DF/DF/0008 - 7MM 45000 x STEM BF-S.tif,12602072,.tif,0008,7MM,45000 x STEM BF-S,M-7.00,longitudinal,"author confirmation, 2026-09-26",2048,2048,RGB,Talos F200X,200000,2026-09-23T05:56:27.000Z,STEM,Diffraction,0.125,BF-S,1.0761216647789286e-09,1.0761216647789286e-09,m,2.203897169467246,2.203897169467246,ok
data/9_DF/DF/0008 - 7MM 45000 x STEM DF-O.tif,12602072,.tif,0008,7MM,45000 x STEM DF-O,M-7.00,longitudinal,"author confirmation, 2026-09-26",2048,2048,RGB,Talos F200X,200000,2026-09-23T05:56:27.000Z,STEM,Diffraction,0.125,DF-S,1.0761216647789286e-09,1.0761216647789286e-09,m,2.203897169467246,2.203897169467246,ok
data/9_DF/DF/0008 - 7MM 45000 x STEM DF-S.tif,12602072,.tif,0008,7MM,45000 x STEM DF-S,M-7.00,longitudinal,"author confirmation, 2026-09-26",2048,2048,RGB,Talos F200X,200000,2026-09-23T05:56:27.000Z,STEM,Diffraction,0.125,DF-S,1.0761216647789286e-09,1.0761216647789286e-09,m,2.203897169467246,2.203897169467246,ok
data/9_DF/DF/0008 - 7MM 45000 x STEM HAADF.tif,12601934,.tif,0008,7MM,45000 x STEM HAADF,M-7.00,longitudinal,"author confirmation, 2026-09-26",2048,2048,RGB,Talos F200X,200000,2026-09-23T05:56:27.000Z,STEM,Diffraction,0.125,HAADF,1.0761216647789286e-09,1.0761216647789286e-09,m,2.203897169467246,2.203897169467246,ok
data/9_DF/DF/0009 - 7MM 22500 x STEM BF-S.tif,12602072,.tif,0009,7MM,22500 x STEM BF-S,M-7.00,longitudinal,"author confirmation, 2026-09-26",2048,2048,RGB,Talos F200X,200000,2026-09-23T05:58:19.000Z,STEM,Diffraction,0.125,BF-S,2.1703696219522647e-09,2.1703696219522647e-09,m,4.444916985758238,4.444916985758238,ok
data/9_DF/DF/0009 - 7MM 22500 x STEM DF-O.tif,12602072,.tif,0009,7MM,22500 x STEM DF-O,M-7.00,longitudinal,"author confirmation, 2026-09-26",2048,2048,RGB,Talos F200X,200000,2026-09-23T05:58:19.000Z,STEM,Diffraction,0.125,DF-S,2.1703696219522647e-09,2.1703696219522647e-09,m,4.444916985758238,4.444916985758238,ok
data/9_DF/DF/0009 - 7MM 22500 x STEM DF-S.tif,12602072,.tif,0009,7MM,22500 x STEM DF-S,M-7.00,longitudinal,"author confirmation, 2026-09-26",2048,2048,RGB,Talos F200X,200000,2026-09-23T05:58:19.000Z,STEM,Diffraction,0.125,DF-S,2.1703696219522647e-09,2.1703696219522647e-09,m,4.444916985758238,4.444916985758238,ok
data/9_DF/DF/0009 - 7MM 22500 x STEM HAADF.tif,12601934,.tif,0009,7MM,22500 x STEM HAADF,M-7.00,longitudinal,"author confirmation, 2026-09-26",2048,2048,RGB,Talos F200X,200000,2026-09-23T05:58:19.000Z,STEM,Diffraction,0.125,HAADF,2.1703696219522647e-09,2.1703696219522647e-09,m,4.444916985758238,4.444916985758238,ok
data/9_DF/DF/0010 - 7MM 32000 x STEM BF-S.tif,12602074,.tif,0010,7MM,32000 x STEM BF-S,M-7.00,longitudinal,"author confirmation, 2026-09-26",2048,2048,RGB,Talos F200X,200000,2026-09-23T05:59:31.000Z,STEM,Diffraction,0.125,BF-S,1.5218658530938747e-09,1.5218658530938747e-09,m,3.1167812671362554,3.1167812671362554,ok
data/9_DF/DF/0010 - 7MM 32000 x STEM DF-O.tif,12602074,.tif,0010,7MM,32000 x STEM DF-O,M-7.00,longitudinal,"author confirmation, 2026-09-26",2048,2048,RGB,Talos F200X,200000,2026-09-23T05:59:32.000Z,STEM,Diffraction,0.125,DF-S,1.5218658530938747e-09,1.5218658530938747e-09,m,3.1167812671362554,3.1167812671362554,ok
data/9_DF/DF/0010 - 7MM 32000 x STEM DF-S.tif,12602074,.tif,0010,7MM,32000 x STEM DF-S,M-7.00,longitudinal,"author confirmation, 2026-09-26",2048,2048,RGB,Talos F200X,200000,2026-09-23T05:59:31.000Z,STEM,Diffraction,0.125,DF-S,1.5218658530938747e-09,1.5218658530938747e-09,m,3.1167812671362554,3.1167812671362554,ok
data/9_DF/DF/0010 - 7MM 32000 x STEM HAADF.tif,12601934,.tif,0010,7MM,32000 x STEM HAADF,M-7.00,longitudinal,"author confirmation, 2026-09-26",2048,2048,RGB,Talos F200X,200000,2026-09-23T05:59:31.000Z,STEM,Diffraction,0.125,HAADF,1.5218658530938747e-09,1.5218658530938747e-09,m,3.1167812671362554,3.1167812671362554,ok
data/9_DF/DF/0011 - 7MM 45000 x STEM BF-S.tif,12602074,.tif,0011,7MM,45000 x STEM BF-S,M-7.00,longitudinal,"author confirmation, 2026-09-26",2048,2048,RGB,Talos F200X,200000,2026-09-23T06:00:44.000Z,STEM,Diffraction,0.125,BF-S,1.0761216647789286e-09,1.0761216647789286e-09,m,2.203897169467246,2.203897169467246,ok
data/9_DF/DF/0011 - 7MM 45000 x STEM DF-O.tif,12602074,.tif,0011,7MM,45000 x STEM DF-O,M-7.00,longitudinal,"author confirmation, 2026-09-26",2048,2048,RGB,Talos F200X,200000,2026-09-23T06:00:44.000Z,STEM,Diffraction,0.125,DF-S,1.0761216647789286e-09,1.0761216647789286e-09,m,2.203897169467246,2.203897169467246,ok
data/9_DF/DF/0011 - 7MM 45000 x STEM DF-S.tif,12602074,.tif,0011,7MM,45000 x STEM DF-S,M-7.00,longitudinal,"author confirmation, 2026-09-26",2048,2048,RGB,Talos F200X,200000,2026-09-23T06:00:44.000Z,STEM,Diffraction,0.125,DF-S,1.0761216647789286e-09,1.0761216647789286e-09,m,2.203897169467246,2.203897169467246,ok
data/9_DF/DF/0011 - 7MM 45000 x STEM HAADF.tif,12601934,.tif,0011,7MM,45000 x STEM HAADF,M-7.00,longitudinal,"author confirmation, 2026-09-26",2048,2048,RGB,Talos F200X,200000,2026-09-23T06:00:44.000Z,STEM,Diffraction,0.125,HAADF,1.0761216647789286e-09,1.0761216647789286e-09,m,2.203897169467246,2.203897169467246,ok
data/9_DF/DF/0012 - 7MM 22500 x STEM BF-S.tif,12602074,.tif,0012,7MM,22500 x STEM BF-S,M-7.00,longitudinal,"author confirmation, 2026-09-26",2048,2048,RGB,Talos F200X,200000,2026-09-23T06:05:49.000Z,STEM,Diffraction,0.125,BF-S,2.1703696219522647e-09,2.1703696219522647e-09,m,4.444916985758238,4.444916985758238,ok
data/9_DF/DF/0012 - 7MM 22500 x STEM DF-O.tif,12602074,.tif,0012,7MM,22500 x STEM DF-O,M-7.00,longitudinal,"author confirmation, 2026-09-26",2048,2048,RGB,Talos F200X,200000,2026-09-23T06:05:49.000Z,STEM,Diffraction,0.125,DF-S,2.1703696219522647e-09,2.1703696219522647e-09,m,4.444916985758238,4.444916985758238,ok
data/9_DF/DF/0012 - 7MM 22500 x STEM DF-S.tif,12602074,.tif,0012,7MM,22500 x STEM DF-S,M-7.00,longitudinal,"author confirmation, 2026-09-26",2048,2048,RGB,Talos F200X,200000,2026-09-23T06:05:49.000Z,STEM,Diffraction,0.125,DF-S,2.1703696219522647e-09,2.1703696219522647e-09,m,4.444916985758238,4.444916985758238,ok
data/9_DF/DF/0012 - 7MM 22500 x STEM HAADF.tif,12601934,.tif,0012,7MM,22500 x STEM HAADF,M-7.00,longitudinal,"author confirmation, 2026-09-26",2048,2048,RGB,Talos F200X,200000,2026-09-23T06:05:49.000Z,STEM,Diffraction,0.125,HAADF,2.1703696219522647e-09,2.1703696219522647e-09,m,4.444916985758238,4.444916985758238,ok
data/9_DF/DF/0013 - 7MM 32000 x STEM BF-S.tif,12602074,.tif,0013,7MM,32000 x STEM BF-S,M-7.00,longitudinal,"author confirmation, 2026-09-26",2048,2048,RGB,Talos F200X,200000,2026-09-23T06:07:23.000Z,STEM,Diffraction,0.125,BF-S,1.5218658530938747e-09,1.5218658530938747e-09,m,3.1167812671362554,3.1167812671362554,ok
data/9_DF/DF/0013 - 7MM 32000 x STEM DF-O.tif,12602074,.tif,0013,7MM,32000 x STEM DF-O,M-7.00,longitudinal,"author confirmation, 2026-09-26",2048,2048,RGB,Talos F200X,200000,2026-09-23T06:07:23.000Z,STEM,Diffraction,0.125,DF-S,1.5218658530938747e-09,1.5218658530938747e-09,m,3.1167812671362554,3.1167812671362554,ok
data/9_DF/DF/0013 - 7MM 32000 x STEM DF-S.tif,12602074,.tif,0013,7MM,32000 x STEM DF-S,M-7.00,longitudinal,"author confirmation, 2026-09-26",2048,2048,RGB,Talos F200X,200000,2026-09-23T06:07:23.000Z,STEM,Diffraction,0.125,DF-S,1.5218658530938747e-09,1.5218658530938747e-09,m,3.1167812671362554,3.1167812671362554,ok
data/9_DF/DF/0013 - 7MM 32000 x STEM HAADF.tif,12601934,.tif,0013,7MM,32000 x STEM HAADF,M-7.00,longitudinal,"author confirmation, 2026-09-26",2048,2048,RGB,Talos F200X,200000,2026-09-23T06:07:23.000Z,STEM,Diffraction,0.125,HAADF,1.5218658530938747e-09,1.5218658530938747e-09,m,3.1167812671362554,3.1167812671362554,ok
data/9_DF/DF/0014 - 7MM 45000 x STEM BF-S.tif,12602074,.tif,0014,7MM,45000 x STEM BF-S,M-7.00,longitudinal,"author confirmation, 2026-09-26",2048,2048,RGB,Talos F200X,200000,2026-09-23T06:08:40.000Z,STEM,Diffraction,0.125,BF-S,1.0761216647789286e-09,1.0761216647789286e-09,m,2.203897169467246,2.203897169467246,ok
data/9_DF/DF/0014 - 7MM 45000 x STEM DF-O.tif,12602074,.tif,0014,7MM,45000 x STEM DF-O,M-7.00,longitudinal,"author confirmation, 2026-09-26",2048,2048,RGB,Talos F200X,200000,2026-09-23T06:08:40.000Z,STEM,Diffraction,0.125,DF-S,1.0761216647789286e-09,1.0761216647789286e-09,m,2.203897169467246,2.203897169467246,ok
data/9_DF/DF/0014 - 7MM 45000 x STEM DF-S.tif,12602074,.tif,0014,7MM,45000 x STEM DF-S,M-7.00,longitudinal,"author confirmation, 2026-09-26",2048,2048,RGB,Talos F200X,200000,2026-09-23T06:08:40.000Z,STEM,Diffraction,0.125,DF-S,1.0761216647789286e-09,1.0761216647789286e-09,m,2.203897169467246,2.203897169467246,ok
data/9_DF/DF/0014 - 7MM 45000 x STEM HAADF.tif,12601934,.tif,0014,7MM,45000 x STEM HAADF,M-7.00,longitudinal,"author confirmation, 2026-09-26",2048,2048,RGB,Talos F200X,200000,2026-09-23T06:08:40.000Z,STEM,Diffraction,0.125,HAADF,1.0761216647789286e-09,1.0761216647789286e-09,m,2.203897169467246,2.203897169467246,ok
data/9_DF/DF/0015 - 7MM 22500 x STEM BF-S.tif,12602072,.tif,0015,7MM,22500 x STEM BF-S,M-7.00,longitudinal,"author confirmation, 2026-09-26",2048,2048,RGB,Talos F200X,200000,2026-09-23T06:10:53.000Z,STEM,Diffraction,0.125,BF-S,2.1703696219522647e-09,2.1703696219522647e-09,m,4.444916985758238,4.444916985758238,ok
data/9_DF/DF/0015 - 7MM 22500 x STEM DF-O.tif,12602072,.tif,0015,7MM,22500 x STEM DF-O,M-7.00,longitudinal,"author confirmation, 2026-09-26",2048,2048,RGB,Talos F200X,200000,2026-09-23T06:10:53.000Z,STEM,Diffraction,0.125,DF-S,2.1703696219522647e-09,2.1703696219522647e-09,m,4.444916985758238,4.444916985758238,ok
data/9_DF/DF/0015 - 7MM 22500 x STEM DF-S.tif,12602072,.tif,0015,7MM,22500 x STEM DF-S,M-7.00,longitudinal,"author confirmation, 2026-09-26",2048,2048,RGB,Talos F200X,200000,2026-09-23T06:10:53.000Z,STEM,Diffraction,0.125,DF-S,2.1703696219522647e-09,2.1703696219522647e-09,m,4.444916985758238,4.444916985758238,ok
data/9_DF/DF/0015 - 7MM 22500 x STEM HAADF.tif,12601932,.tif,0015,7MM,22500 x STEM HAADF,M-7.00,longitudinal,"author confirmation, 2026-09-26",2048,2048,RGB,Talos F200X,200000,2026-09-23T06:10:53.000Z,STEM,Diffraction,0.125,HAADF,2.1703696219522647e-09,2.1703696219522647e-09,m,4.444916985758238,4.444916985758238,ok
data/9_DF/DF/0016 - 7MM 32000 x STEM BF-S.tif,12602072,.tif,0016,7MM,32000 x STEM BF-S,M-7.00,longitudinal,"author confirmation, 2026-09-26",2048,2048,RGB,Talos F200X,200000,2026-09-23T06:12:12.000Z,STEM,Diffraction,0.125,BF-S,1.5218658530938747e-09,1.5218658530938747e-09,m,3.1167812671362554,3.1167812671362554,ok
data/9_DF/DF/0016 - 7MM 32000 x STEM DF-O.tif,12602072,.tif,0016,7MM,32000 x STEM DF-O,M-7.00,longitudinal,"author confirmation, 2026-09-26",2048,2048,RGB,Talos F200X,200000,2026-09-23T06:12:12.000Z,STEM,Diffraction,0.125,DF-S,1.5218658530938747e-09,1.5218658530938747e-09,m,3.1167812671362554,3.1167812671362554,ok
data/9_DF/DF/0016 - 7MM 32000 x STEM DF-S.tif,12602072,.tif,0016,7MM,32000 x STEM DF-S,M-7.00,longitudinal,"author confirmation, 2026-09-26",2048,2048,RGB,Talos F200X,200000,2026-09-23T06:12:12.000Z,STEM,Diffraction,0.125,DF-S,1.5218658530938747e-09,1.5218658530938747e-09,m,3.1167812671362554,3.1167812671362554,ok
data/9_DF/DF/0016 - 7MM 32000 x STEM HAADF.tif,12601934,.tif,0016,7MM,32000 x STEM HAADF,M-7.00,longitudinal,"author confirmation, 2026-09-26",2048,2048,RGB,Talos F200X,200000,2026-09-23T06:12:12.000Z,STEM,Diffraction,0.125,HAADF,1.5218658530938747e-09,1.5218658530938747e-09,m,3.1167812671362554,3.1167812671362554,ok
data/9_DF/DF/0017 - 7MM 45000 x STEM BF-S.tif,12602072,.tif,0017,7MM,45000 x STEM BF-S,M-7.00,longitudinal,"author confirmation, 2026-09-26",2048,2048,RGB,Talos F200X,200000,2026-09-23T06:13:40.000Z,STEM,Diffraction,0.125,BF-S,1.0761216647789286e-09,1.0761216647789286e-09,m,2.203897169467246,2.203897169467246,ok
data/9_DF/DF/0017 - 7MM 45000 x STEM DF-O.tif,12602072,.tif,0017,7MM,45000 x STEM DF-O,M-7.00,longitudinal,"author confirmation, 2026-09-26",2048,2048,RGB,Talos F200X,200000,2026-09-23T06:13:40.000Z,STEM,Diffraction,0.125,DF-S,1.0761216647789286e-09,1.0761216647789286e-09,m,2.203897169467246,2.203897169467246,ok
data/9_DF/DF/0017 - 7MM 45000 x STEM DF-S.tif,12602072,.tif,0017,7MM,45000 x STEM DF-S,M-7.00,longitudinal,"author confirmation, 2026-09-26",2048,2048,RGB,Talos F200X,200000,2026-09-23T06:13:40.000Z,STEM,Diffraction,0.125,DF-S,1.0761216647789286e-09,1.0761216647789286e-09,m,2.203897169467246,2.203897169467246,ok
data/9_DF/DF/0017 - 7MM 45000 x STEM HAADF.tif,12601934,.tif,0017,7MM,45000 x STEM HAADF,M-7.00,longitudinal,"author confirmation, 2026-09-26",2048,2048,RGB,Talos F200X,200000,2026-09-23T06:13:40.000Z,STEM,Diffraction,0.125,HAADF,1.0761216647789286e-09,1.0761216647789286e-09,m,2.203897169467246,2.203897169467246,ok
data/9_DF/DF/0018 - 5MM 520 mm Camera Ceta.tif,50350054,.tif,0018,5MM,520 mm Camera Ceta,Y-5.00,longitudinal,"author confirmation, 2026-09-26",4096,4096,RGB,Talos F200X,200000,2026-09-23T06:35:41.000Z,TEM,Diffraction,0.52400000000000002,BM-Ceta,11392609.098140769,11392609.098140769,1/m,,,ok
data/9_DF/DF/0019 - 5MM 520 mm Camera Ceta.tif,50350032,.tif,0019,5MM,520 mm Camera Ceta,Y-5.00,longitudinal,"author confirmation, 2026-09-26",4096,4096,RGB,Talos F200X,200000,2026-09-23T06:38:39.000Z,TEM,Diffraction,0.52400000000000002,BM-Ceta,11392609.098140769,11392609.098140769,1/m,,,ok
data/9_DF/DF/0020 - 5MM 520 mm Camera Ceta.tif,50350053,.tif,0020,5MM,520 mm Camera Ceta,Y-5.00,longitudinal,"author confirmation, 2026-09-26",4096,4096,RGB,Talos F200X,200000,2026-09-23T06:42:49.000Z,TEM,Diffraction,0.52400000000000002,BM-Ceta,11392609.098140769,11392609.098140769,1/m,,,ok
data/9_DF/DF/0022 - 5MM 520 mm Camera Ceta.tif,50350053,.tif,0022,5MM,520 mm Camera Ceta,Y-5.00,longitudinal,"author confirmation, 2026-09-26",4096,4096,RGB,Talos F200X,200000,2026-09-23T06:53:50.000Z,TEM,Diffraction,0.52400000000000002,BM-Ceta,11392609.098140769,11392609.098140769,1/m,,,ok
data/9_DF/DF/0023 - 5MM 22500 x STEM BF-S.tif,12602076,.tif,0023,5MM,22500 x STEM BF-S,Y-5.00,longitudinal,"author confirmation, 2026-09-26",2048,2048,RGB,Talos F200X,200000,2026-09-23T06:57:57.000Z,STEM,Diffraction,0.125,BF-S,2.1703696219522647e-09,2.1703696219522647e-09,m,4.444916985758238,4.444916985758238,ok
data/9_DF/DF/0023 - 5MM 22500 x STEM DF-O.tif,12602076,.tif,0023,5MM,22500 x STEM DF-O,Y-5.00,longitudinal,"author confirmation, 2026-09-26",2048,2048,RGB,Talos F200X,200000,2026-09-23T06:57:57.000Z,STEM,Diffraction,0.125,DF-S,2.1703696219522647e-09,2.1703696219522647e-09,m,4.444916985758238,4.444916985758238,ok
data/9_DF/DF/0023 - 5MM 22500 x STEM DF-S.tif,12602076,.tif,0023,5MM,22500 x STEM DF-S,Y-5.00,longitudinal,"author confirmation, 2026-09-26",2048,2048,RGB,Talos F200X,200000,2026-09-23T06:57:57.000Z,STEM,Diffraction,0.125,DF-S,2.1703696219522647e-09,2.1703696219522647e-09,m,4.444916985758238,4.444916985758238,ok
data/9_DF/DF/0023 - 5MM 22500 x STEM HAADF.tif,12601936,.tif,0023,5MM,22500 x STEM HAADF,Y-5.00,longitudinal,"author confirmation, 2026-09-26",2048,2048,RGB,Talos F200X,200000,2026-09-23T06:57:57.000Z,STEM,Diffraction,0.125,HAADF,2.1703696219522647e-09,2.1703696219522647e-09,m,4.444916985758238,4.444916985758238,ok
data/9_DF/DF/0024 - 5MM 32000 x STEM BF-S.tif,12602076,.tif,0024,5MM,32000 x STEM BF-S,Y-5.00,longitudinal,"author confirmation, 2026-09-26",2048,2048,RGB,Talos F200X,200000,2026-09-23T06:58:49.000Z,STEM,Diffraction,0.125,BF-S,1.5218658530938747e-09,1.5218658530938747e-09,m,3.1167812671362554,3.1167812671362554,ok
data/9_DF/DF/0024 - 5MM 32000 x STEM DF-O.tif,12602076,.tif,0024,5MM,32000 x STEM DF-O,Y-5.00,longitudinal,"author confirmation, 2026-09-26",2048,2048,RGB,Talos F200X,200000,2026-09-23T06:58:49.000Z,STEM,Diffraction,0.125,DF-S,1.5218658530938747e-09,1.5218658530938747e-09,m,3.1167812671362554,3.1167812671362554,ok
data/9_DF/DF/0024 - 5MM 32000 x STEM DF-S.tif,12602076,.tif,0024,5MM,32000 x STEM DF-S,Y-5.00,longitudinal,"author confirmation, 2026-09-26",2048,2048,RGB,Talos F200X,200000,2026-09-23T06:58:49.000Z,STEM,Diffraction,0.125,DF-S,1.5218658530938747e-09,1.5218658530938747e-09,m,3.1167812671362554,3.1167812671362554,ok
data/9_DF/DF/0024 - 5MM 32000 x STEM HAADF.tif,12601936,.tif,0024,5MM,32000 x STEM HAADF,Y-5.00,longitudinal,"author confirmation, 2026-09-26",2048,2048,RGB,Talos F200X,200000,2026-09-23T06:58:49.000Z,STEM,Diffraction,0.125,HAADF,1.5218658530938747e-09,1.5218658530938747e-09,m,3.1167812671362554,3.1167812671362554,ok
data/9_DF/DF/0025 - 5MM 45000 x STEM BF-S.tif,12602076,.tif,0025,5MM,45000 x STEM BF-S,Y-5.00,longitudinal,"author confirmation, 2026-09-26",2048,2048,RGB,Talos F200X,200000,2026-09-23T06:59:15.000Z,STEM,Diffraction,0.125,BF-S,1.0761216647789286e-09,1.0761216647789286e-09,m,2.203897169467246,2.203897169467246,ok
data/9_DF/DF/0025 - 5MM 45000 x STEM DF-O.tif,12602076,.tif,0025,5MM,45000 x STEM DF-O,Y-5.00,longitudinal,"author confirmation, 2026-09-26",2048,2048,RGB,Talos F200X,200000,2026-09-23T06:59:15.000Z,STEM,Diffraction,0.125,DF-S,1.0761216647789286e-09,1.0761216647789286e-09,m,2.203897169467246,2.203897169467246,ok
data/9_DF/DF/0025 - 5MM 45000 x STEM DF-S.tif,12602076,.tif,0025,5MM,45000 x STEM DF-S,Y-5.00,longitudinal,"author confirmation, 2026-09-26",2048,2048,RGB,Talos F200X,200000,2026-09-23T06:59:15.000Z,STEM,Diffraction,0.125,DF-S,1.0761216647789286e-09,1.0761216647789286e-09,m,2.203897169467246,2.203897169467246,ok
data/9_DF/DF/0025 - 5MM 45000 x STEM HAADF.tif,12601936,.tif,0025,5MM,45000 x STEM HAADF,Y-5.00,longitudinal,"author confirmation, 2026-09-26",2048,2048,RGB,Talos F200X,200000,2026-09-23T06:59:15.000Z,STEM,Diffraction,0.125,HAADF,1.0761216647789286e-09,1.0761216647789286e-09,m,2.203897169467246,2.203897169467246,ok
data/9_DF/DF/0026 - 5MM 22500 x STEM BF-S.tif,12602064,.tif,0026,5MM,22500 x STEM BF-S,Y-5.00,longitudinal,"author confirmation, 2026-09-26",2048,2048,RGB,Talos F200X,200000,2026-09-23T07:01:20.000Z,STEM,Diffraction,0.125,BF-S,2.1703696219522647e-09,2.1703696219522647e-09,m,4.444916985758238,4.444916985758238,ok
data/9_DF/DF/0026 - 5MM 22500 x STEM DF-O.tif,12602064,.tif,0026,5MM,22500 x STEM DF-O,Y-5.00,longitudinal,"author confirmation, 2026-09-26",2048,2048,RGB,Talos F200X,200000,2026-09-23T07:01:20.000Z,STEM,Diffraction,0.125,DF-S,2.1703696219522647e-09,2.1703696219522647e-09,m,4.444916985758238,4.444916985758238,ok
data/9_DF/DF/0026 - 5MM 22500 x STEM DF-S.tif,12602064,.tif,0026,5MM,22500 x STEM DF-S,Y-5.00,longitudinal,"author confirmation, 2026-09-26",2048,2048,RGB,Talos F200X,200000,2026-09-23T07:01:20.000Z,STEM,Diffraction,0.125,DF-S,2.1703696219522647e-09,2.1703696219522647e-09,m,4.444916985758238,4.444916985758238,ok
data/9_DF/DF/0026 - 5MM 22500 x STEM HAADF.tif,12601924,.tif,0026,5MM,22500 x STEM HAADF,Y-5.00,longitudinal,"author confirmation, 2026-09-26",2048,2048,RGB,Talos F200X,200000,2026-09-23T07:01:20.000Z,STEM,Diffraction,0.125,HAADF,2.1703696219522647e-09,2.1703696219522647e-09,m,4.444916985758238,4.444916985758238,ok
data/9_DF/DF/0027 - 5MM 32000 x STEM BF-S.tif,12602072,.tif,0027,5MM,32000 x STEM BF-S,Y-5.00,longitudinal,"author confirmation, 2026-09-26",2048,2048,RGB,Talos F200X,200000,2026-09-23T07:03:09.000Z,STEM,Diffraction,0.125,BF-S,1.5218658530938747e-09,1.5218658530938747e-09,m,3.1167812671362554,3.1167812671362554,ok
data/9_DF/DF/0027 - 5MM 32000 x STEM DF-O.tif,12602072,.tif,0027,5MM,32000 x STEM DF-O,Y-5.00,longitudinal,"author confirmation, 2026-09-26",2048,2048,RGB,Talos F200X,200000,2026-09-23T07:03:09.000Z,STEM,Diffraction,0.125,DF-S,1.5218658530938747e-09,1.5218658530938747e-09,m,3.1167812671362554,3.1167812671362554,ok
data/9_DF/DF/0027 - 5MM 32000 x STEM DF-S.tif,12602072,.tif,0027,5MM,32000 x STEM DF-S,Y-5.00,longitudinal,"author confirmation, 2026-09-26",2048,2048,RGB,Talos F200X,200000,2026-09-23T07:03:09.000Z,STEM,Diffraction,0.125,DF-S,1.5218658530938747e-09,1.5218658530938747e-09,m,3.1167812671362554,3.1167812671362554,ok
data/9_DF/DF/0027 - 5MM 32000 x STEM HAADF.tif,12601934,.tif,0027,5MM,32000 x STEM HAADF,Y-5.00,longitudinal,"author confirmation, 2026-09-26",2048,2048,RGB,Talos F200X,200000,2026-09-23T07:03:09.000Z,STEM,Diffraction,0.125,HAADF,1.5218658530938747e-09,1.5218658530938747e-09,m,3.1167812671362554,3.1167812671362554,ok
data/9_DF/DF/0028 - 5MM 45000 x STEM BF-S.tif,12602074,.tif,0028,5MM,45000 x STEM BF-S,Y-5.00,longitudinal,"author confirmation, 2026-09-26",2048,2048,RGB,Talos F200X,200000,2026-09-23T07:03:44.000Z,STEM,Diffraction,0.125,BF-S,1.0761216647789286e-09,1.0761216647789286e-09,m,2.203897169467246,2.203897169467246,ok
data/9_DF/DF/0028 - 5MM 45000 x STEM DF-O.tif,12602074,.tif,0028,5MM,45000 x STEM DF-O,Y-5.00,longitudinal,"author confirmation, 2026-09-26",2048,2048,RGB,Talos F200X,200000,2026-09-23T07:03:44.000Z,STEM,Diffraction,0.125,DF-S,1.0761216647789286e-09,1.0761216647789286e-09,m,2.203897169467246,2.203897169467246,ok
data/9_DF/DF/0028 - 5MM 45000 x STEM DF-S.tif,12602074,.tif,0028,5MM,45000 x STEM DF-S,Y-5.00,longitudinal,"author confirmation, 2026-09-26",2048,2048,RGB,Talos F200X,200000,2026-09-23T07:03:44.000Z,STEM,Diffraction,0.125,DF-S,1.0761216647789286e-09,1.0761216647789286e-09,m,2.203897169467246,2.203897169467246,ok
data/9_DF/DF/0028 - 5MM 45000 x STEM HAADF.tif,12601934,.tif,0028,5MM,45000 x STEM HAADF,Y-5.00,longitudinal,"author confirmation, 2026-09-26",2048,2048,RGB,Talos F200X,200000,2026-09-23T07:03:44.000Z,STEM,Diffraction,0.125,HAADF,1.0761216647789286e-09,1.0761216647789286e-09,m,2.203897169467246,2.203897169467246,ok
data/9_DF/DF/0029 - 5MM 22500 x STEM BF-S.tif,12602074,.tif,0029,5MM,22500 x STEM BF-S,Y-5.00,longitudinal,"author confirmation, 2026-09-26",2048,2048,RGB,Talos F200X,200000,2026-09-23T07:05:59.000Z,STEM,Diffraction,0.125,BF-S,2.1703696219522647e-09,2.1703696219522647e-09,m,4.444916985758238,4.444916985758238,ok
data/9_DF/DF/0029 - 5MM 22500 x STEM DF-O.tif,12602074,.tif,0029,5MM,22500 x STEM DF-O,Y-5.00,longitudinal,"author confirmation, 2026-09-26",2048,2048,RGB,Talos F200X,200000,2026-09-23T07:06:00.000Z,STEM,Diffraction,0.125,DF-S,2.1703696219522647e-09,2.1703696219522647e-09,m,4.444916985758238,4.444916985758238,ok
data/9_DF/DF/0029 - 5MM 22500 x STEM DF-S.tif,12602074,.tif,0029,5MM,22500 x STEM DF-S,Y-5.00,longitudinal,"author confirmation, 2026-09-26",2048,2048,RGB,Talos F200X,200000,2026-09-23T07:06:00.000Z,STEM,Diffraction,0.125,DF-S,2.1703696219522647e-09,2.1703696219522647e-09,m,4.444916985758238,4.444916985758238,ok
data/9_DF/DF/0029 - 5MM 22500 x STEM HAADF.tif,12601936,.tif,0029,5MM,22500 x STEM HAADF,Y-5.00,longitudinal,"author confirmation, 2026-09-26",2048,2048,RGB,Talos F200X,200000,2026-09-23T07:05:59.000Z,STEM,Diffraction,0.125,HAADF,2.1703696219522647e-09,2.1703696219522647e-09,m,4.444916985758238,4.444916985758238,ok
data/9_DF/DF/0030 - 5MM 32000 x STEM BF-S.tif,12602074,.tif,0030,5MM,32000 x STEM BF-S,Y-5.00,longitudinal,"author confirmation, 2026-09-26",2048,2048,RGB,Talos F200X,200000,2026-09-23T07:06:58.000Z,STEM,Diffraction,0.125,BF-S,1.5218658530938747e-09,1.5218658530938747e-09,m,3.1167812671362554,3.1167812671362554,ok
data/9_DF/DF/0030 - 5MM 32000 x STEM DF-O.tif,12602074,.tif,0030,5MM,32000 x STEM DF-O,Y-5.00,longitudinal,"author confirmation, 2026-09-26",2048,2048,RGB,Talos F200X,200000,2026-09-23T07:06:58.000Z,STEM,Diffraction,0.125,DF-S,1.5218658530938747e-09,1.5218658530938747e-09,m,3.1167812671362554,3.1167812671362554,ok
data/9_DF/DF/0030 - 5MM 32000 x STEM DF-S.tif,12602074,.tif,0030,5MM,32000 x STEM DF-S,Y-5.00,longitudinal,"author confirmation, 2026-09-26",2048,2048,RGB,Talos F200X,200000,2026-09-23T07:06:58.000Z,STEM,Diffraction,0.125,DF-S,1.5218658530938747e-09,1.5218658530938747e-09,m,3.1167812671362554,3.1167812671362554,ok
data/9_DF/DF/0030 - 5MM 32000 x STEM HAADF.tif,12601936,.tif,0030,5MM,32000 x STEM HAADF,Y-5.00,longitudinal,"author confirmation, 2026-09-26",2048,2048,RGB,Talos F200X,200000,2026-09-23T07:06:58.000Z,STEM,Diffraction,0.125,HAADF,1.5218658530938747e-09,1.5218658530938747e-09,m,3.1167812671362554,3.1167812671362554,ok
data/9_DF/DF/0031 - 5MM 45000 x STEM BF-S.tif,12602076,.tif,0031,5MM,45000 x STEM BF-S,Y-5.00,longitudinal,"author confirmation, 2026-09-26",2048,2048,RGB,Talos F200X,200000,2026-09-23T07:07:27.000Z,STEM,Diffraction,0.125,BF-S,1.0761216647789286e-09,1.0761216647789286e-09,m,2.203897169467246,2.203897169467246,ok
data/9_DF/DF/0031 - 5MM 45000 x STEM DF-O.tif,12602076,.tif,0031,5MM,45000 x STEM DF-O,Y-5.00,longitudinal,"author confirmation, 2026-09-26",2048,2048,RGB,Talos F200X,200000,2026-09-23T07:07:27.000Z,STEM,Diffraction,0.125,DF-S,1.0761216647789286e-09,1.0761216647789286e-09,m,2.203897169467246,2.203897169467246,ok
data/9_DF/DF/0031 - 5MM 45000 x STEM DF-S.tif,12602076,.tif,0031,5MM,45000 x STEM DF-S,Y-5.00,longitudinal,"author confirmation, 2026-09-26",2048,2048,RGB,Talos F200X,200000,2026-09-23T07:07:27.000Z,STEM,Diffraction,0.125,DF-S,1.0761216647789286e-09,1.0761216647789286e-09,m,2.203897169467246,2.203897169467246,ok
data/9_DF/DF/0031 - 5MM 45000 x STEM HAADF.tif,12601938,.tif,0031,5MM,45000 x STEM HAADF,Y-5.00,longitudinal,"author confirmation, 2026-09-26",2048,2048,RGB,Talos F200X,200000,2026-09-23T07:07:27.000Z,STEM,Diffraction,0.125,HAADF,1.0761216647789286e-09,1.0761216647789286e-09,m,2.203897169467246,2.203897169467246,ok
data/9_DF/DF/0032 - 5MM 22500 x STEM BF-S.tif,12602076,.tif,0032,5MM,22500 x STEM BF-S,Y-5.00,longitudinal,"author confirmation, 2026-09-26",2048,2048,RGB,Talos F200X,200000,2026-09-23T07:09:01.000Z,STEM,Diffraction,0.125,BF-S,2.1703696219522647e-09,2.1703696219522647e-09,m,4.444916985758238,4.444916985758238,ok
data/9_DF/DF/0032 - 5MM 22500 x STEM DF-O.tif,12602076,.tif,0032,5MM,22500 x STEM DF-O,Y-5.00,longitudinal,"author confirmation, 2026-09-26",2048,2048,RGB,Talos F200X,200000,2026-09-23T07:09:01.000Z,STEM,Diffraction,0.125,DF-S,2.1703696219522647e-09,2.1703696219522647e-09,m,4.444916985758238,4.444916985758238,ok
data/9_DF/DF/0032 - 5MM 22500 x STEM DF-S.tif,12602076,.tif,0032,5MM,22500 x STEM DF-S,Y-5.00,longitudinal,"author confirmation, 2026-09-26",2048,2048,RGB,Talos F200X,200000,2026-09-23T07:09:01.000Z,STEM,Diffraction,0.125,DF-S,2.1703696219522647e-09,2.1703696219522647e-09,m,4.444916985758238,4.444916985758238,ok
data/9_DF/DF/0032 - 5MM 22500 x STEM HAADF.tif,12601936,.tif,0032,5MM,22500 x STEM HAADF,Y-5.00,longitudinal,"author confirmation, 2026-09-26",2048,2048,RGB,Talos F200X,200000,2026-09-23T07:09:01.000Z,STEM,Diffraction,0.125,HAADF,2.1703696219522647e-09,2.1703696219522647e-09,m,4.444916985758238,4.444916985758238,ok
data/9_DF/DF/0033 - 5MM 32000 x STEM BF-S.tif,12602074,.tif,0033,5MM,32000 x STEM BF-S,Y-5.00,longitudinal,"author confirmation, 2026-09-26",2048,2048,RGB,Talos F200X,200000,2026-09-23T07:10:09.000Z,STEM,Diffraction,0.125,BF-S,1.5218658530938747e-09,1.5218658530938747e-09,m,3.1167812671362554,3.1167812671362554,ok
data/9_DF/DF/0033 - 5MM 32000 x STEM DF-O.tif,12602074,.tif,0033,5MM,32000 x STEM DF-O,Y-5.00,longitudinal,"author confirmation, 2026-09-26",2048,2048,RGB,Talos F200X,200000,2026-09-23T07:10:10.000Z,STEM,Diffraction,0.125,DF-S,1.5218658530938747e-09,1.5218658530938747e-09,m,3.1167812671362554,3.1167812671362554,ok
data/9_DF/DF/0033 - 5MM 32000 x STEM DF-S.tif,12602074,.tif,0033,5MM,32000 x STEM DF-S,Y-5.00,longitudinal,"author confirmation, 2026-09-26",2048,2048,RGB,Talos F200X,200000,2026-09-23T07:10:10.000Z,STEM,Diffraction,0.125,DF-S,1.5218658530938747e-09,1.5218658530938747e-09,m,3.1167812671362554,3.1167812671362554,ok
data/9_DF/DF/0033 - 5MM 32000 x STEM HAADF.tif,12601936,.tif,0033,5MM,32000 x STEM HAADF,Y-5.00,longitudinal,"author confirmation, 2026-09-26",2048,2048,RGB,Talos F200X,200000,2026-09-23T07:10:09.000Z,STEM,Diffraction,0.125,HAADF,1.5218658530938747e-09,1.5218658530938747e-09,m,3.1167812671362554,3.1167812671362554,ok
data/9_DF/DF/0034 - 5MM 45000 x STEM BF-S.tif,12602076,.tif,0034,5MM,45000 x STEM BF-S,Y-5.00,longitudinal,"author confirmation, 2026-09-26",2048,2048,RGB,Talos F200X,200000,2026-09-23T07:10:41.000Z,STEM,Diffraction,0.125,BF-S,1.0761216647789286e-09,1.0761216647789286e-09,m,2.203897169467246,2.203897169467246,ok
data/9_DF/DF/0034 - 5MM 45000 x STEM DF-O.tif,12602076,.tif,0034,5MM,45000 x STEM DF-O,Y-5.00,longitudinal,"author confirmation, 2026-09-26",2048,2048,RGB,Talos F200X,200000,2026-09-23T07:10:42.000Z,STEM,Diffraction,0.125,DF-S,1.0761216647789286e-09,1.0761216647789286e-09,m,2.203897169467246,2.203897169467246,ok
data/9_DF/DF/0034 - 5MM 45000 x STEM DF-S.tif,12602076,.tif,0034,5MM,45000 x STEM DF-S,Y-5.00,longitudinal,"author confirmation, 2026-09-26",2048,2048,RGB,Talos F200X,200000,2026-09-23T07:10:42.000Z,STEM,Diffraction,0.125,DF-S,1.0761216647789286e-09,1.0761216647789286e-09,m,2.203897169467246,2.203897169467246,ok
data/9_DF/DF/0034 - 5MM 45000 x STEM HAADF.tif,12601936,.tif,0034,5MM,45000 x STEM HAADF,Y-5.00,longitudinal,"author confirmation, 2026-09-26",2048,2048,RGB,Talos F200X,200000,2026-09-23T07:10:41.000Z,STEM,Diffraction,0.125,HAADF,1.0761216647789286e-09,1.0761216647789286e-09,m,2.203897169467246,2.203897169467246,ok
