sample,diameter_mm,cold_reduction_percent,variant,family,bin_left,bin_right,bin_center,area_weighted_frequency_percent
7d,7,0,raw,prismatic_a,0,0.02,0.01,0
7d,7,0,raw,prismatic_a,0.02,0.04,0.03,0
7d,7,0,raw,prismatic_a,0.04,0.06,0.05,0
7d,7,0,raw,prismatic_a,0.06,0.08,0.07,0
7d,7,0,raw,prismatic_a,0.08,0.1,0.09,0.0131467428245357
7d,7,0,raw,prismatic_a,0.1,0.12,0.11,0.0293703829058777
7d,7,0,raw,prismatic_a,0.12,0.14,0.13,0
7d,7,0,raw,prismatic_a,0.14,0.16,0.15,0.0786007390147775
7d,7,0,raw,prismatic_a,0.16,0.18,0.17,0.00531464071630168
7d,7,0,raw,prismatic_a,0.18,0.2,0.19,0
7d,7,0,raw,prismatic_a,0.2,0.22,0.21,0.0841950976635161
7d,7,0,raw,prismatic_a,0.22,0.24,0.23,0.178460040894762
7d,7,0,raw,prismatic_a,0.24,0.26,0.25,0.210627603125009
7d,7,0,raw,prismatic_a,0.26,0.28,0.27,0.181257220219131
7d,7,0,raw,prismatic_a,0.28,0.3,0.29,0.192166219584171
7d,7,0,raw,prismatic_a,0.3,0.32,0.31,0.488387510034881
7d,7,0,raw,prismatic_a,0.32,0.34,0.33,0.663770653672836
7d,7,0,raw,prismatic_a,0.34,0.36,0.35,1.00894258230001
7d,7,0,raw,prismatic_a,0.36,0.38,0.37,2.0215214977217
7d,7,0,raw,prismatic_a,0.38,0.4,0.39,3.76947885752008
7d,7,0,raw,prismatic_a,0.4,0.42,0.41,6.19910881866725
7d,7,0,raw,prismatic_a,0.42,0.44,0.43,13.3403076337821
7d,7,0,raw,prismatic_a,0.44,0.46,0.45,22.0974369445851
7d,7,0,raw,prismatic_a,0.46,0.48,0.47,23.8193805366668
7d,7,0,raw,prismatic_a,0.48,0.5,0.49,25.6185262781012
7d,7,0,denoised,prismatic_a,0,0.02,0.01,0
7d,7,0,denoised,prismatic_a,0.02,0.04,0.03,0
7d,7,0,denoised,prismatic_a,0.04,0.06,0.05,0
7d,7,0,denoised,prismatic_a,0.06,0.08,0.07,0
7d,7,0,denoised,prismatic_a,0.08,0.1,0.09,0.0130905728378969
7d,7,0,denoised,prismatic_a,0.1,0.12,0.11,0.0292448967655144
7d,7,0,denoised,prismatic_a,0.12,0.14,0.13,0
7d,7,0,denoised,prismatic_a,0.14,0.16,0.15,0.0782649142010434
7d,7,0,denoised,prismatic_a,0.16,0.18,0.17,0.00529193370042642
7d,7,0,denoised,prismatic_a,0.18,0.2,0.19,0
7d,7,0,denoised,prismatic_a,0.2,0.22,0.21,0.0843924163804845
7d,7,0,denoised,prismatic_a,0.22,0.24,0.23,0.178533131682807
7d,7,0,denoised,prismatic_a,0.24,0.26,0.25,0.210563256711704
7d,7,0,denoised,prismatic_a,0.26,0.28,0.27,0.181039837119851
7d,7,0,denoised,prismatic_a,0.28,0.3,0.29,0.192459272999719
7d,7,0,denoised,prismatic_a,0.3,0.32,0.31,0.489921651528951
7d,7,0,denoised,prismatic_a,0.32,0.34,0.33,0.6651125092957
7d,7,0,denoised,prismatic_a,0.34,0.36,0.35,1.01048081395511
7d,7,0,denoised,prismatic_a,0.36,0.38,0.37,2.01901196812585
7d,7,0,denoised,prismatic_a,0.38,0.4,0.39,3.76813531752995
7d,7,0,denoised,prismatic_a,0.4,0.42,0.41,6.19880402298371
7d,7,0,denoised,prismatic_a,0.42,0.44,0.43,13.3370655392063
7d,7,0,denoised,prismatic_a,0.44,0.46,0.45,22.0918735394959
7d,7,0,denoised,prismatic_a,0.46,0.48,0.47,23.8215002910563
7d,7,0,denoised,prismatic_a,0.48,0.5,0.49,25.6252141144228
6.48d,6.48,14.31,raw,prismatic_a,0,0.02,0.01,0
6.48d,6.48,14.31,raw,prismatic_a,0.02,0.04,0.03,0
6.48d,6.48,14.31,raw,prismatic_a,0.04,0.06,0.05,0
6.48d,6.48,14.31,raw,prismatic_a,0.06,0.08,0.07,0.00641868038687751
6.48d,6.48,14.31,raw,prismatic_a,0.08,0.1,0.09,0.00304042755167882
6.48d,6.48,14.31,raw,prismatic_a,0.1,0.12,0.11,0.0537142200796592
6.48d,6.48,14.31,raw,prismatic_a,0.12,0.14,0.13,0.00506737925279804
6.48d,6.48,14.31,raw,prismatic_a,0.14,0.16,0.15,0
6.48d,6.48,14.31,raw,prismatic_a,0.16,0.18,0.17,0.0138508366243146
6.48d,6.48,14.31,raw,prismatic_a,0.18,0.2,0.19,0.0631733280182155
6.48d,6.48,14.31,raw,prismatic_a,0.2,0.22,0.21,0.0239855951299107
6.48d,6.48,14.31,raw,prismatic_a,0.22,0.24,0.23,0
6.48d,6.48,14.31,raw,prismatic_a,0.24,0.26,0.25,0.157764407403779
6.48d,6.48,14.31,raw,prismatic_a,0.26,0.28,0.27,0.00709433095391725
6.48d,6.48,14.31,raw,prismatic_a,0.28,0.3,0.29,0.0797267669106891
6.48d,6.48,14.31,raw,prismatic_a,0.3,0.32,0.31,0.109793217143957
6.48d,6.48,14.31,raw,prismatic_a,0.32,0.34,0.33,0.306069706869001
6.48d,6.48,14.31,raw,prismatic_a,0.34,0.36,0.35,0.259787643026779
6.48d,6.48,14.31,raw,prismatic_a,0.36,0.38,0.37,1.71344983801278
6.48d,6.48,14.31,raw,prismatic_a,0.38,0.4,0.39,2.91745914847759
6.48d,6.48,14.31,raw,prismatic_a,0.4,0.42,0.41,6.39300566533
6.48d,6.48,14.31,raw,prismatic_a,0.42,0.44,0.43,15.5511112762701
6.48d,6.48,14.31,raw,prismatic_a,0.44,0.46,0.45,24.3014617700019
6.48d,6.48,14.31,raw,prismatic_a,0.46,0.48,0.47,24.1588995003565
6.48d,6.48,14.31,raw,prismatic_a,0.48,0.5,0.49,23.8751262621999
6.48d,6.48,14.31,denoised,prismatic_a,0,0.02,0.01,0
6.48d,6.48,14.31,denoised,prismatic_a,0.02,0.04,0.03,0
6.48d,6.48,14.31,denoised,prismatic_a,0.04,0.06,0.05,0
6.48d,6.48,14.31,denoised,prismatic_a,0.06,0.08,0.07,0.00854886332997955
6.48d,6.48,14.31,denoised,prismatic_a,0.08,0.1,0.09,0.002959221921916
6.48d,6.48,14.31,denoised,prismatic_a,0.1,0.12,0.11,0.0542524019017933
6.48d,6.48,14.31,denoised,prismatic_a,0.12,0.14,0.13,0.00493203653652666
6.48d,6.48,14.31,denoised,prismatic_a,0.14,0.16,0.15,0
6.48d,6.48,14.31,denoised,prismatic_a,0.16,0.18,0.17,0.0144673071738115
6.48d,6.48,14.31,denoised,prismatic_a,0.18,0.2,0.19,0.0614860554886991
6.48d,6.48,14.31,denoised,prismatic_a,0.2,0.22,0.21,0.0240025778110964
6.48d,6.48,14.31,denoised,prismatic_a,0.22,0.24,0.23,0
6.48d,6.48,14.31,denoised,prismatic_a,0.24,0.26,0.25,0.155523552118474
6.48d,6.48,14.31,denoised,prismatic_a,0.26,0.28,0.27,0.00789125845844266
6.48d,6.48,14.31,denoised,prismatic_a,0.28,0.3,0.29,0.0789125845844266
6.48d,6.48,14.31,denoised,prismatic_a,0.3,0.32,0.31,0.110806420853966
6.48d,6.48,14.31,denoised,prismatic_a,0.32,0.34,0.33,0.28737332886162
6.48d,6.48,14.31,denoised,prismatic_a,0.34,0.36,0.35,0.28737332886162
6.48d,6.48,14.31,denoised,prismatic_a,0.36,0.38,0.37,1.70089500023016
6.48d,6.48,14.31,denoised,prismatic_a,0.38,0.4,0.39,2.96448276088829
6.48d,6.48,14.31,denoised,prismatic_a,0.4,0.42,0.41,6.395536178132
6.48d,6.48,14.31,denoised,prismatic_a,0.42,0.44,0.43,15.5806322213235
6.48d,6.48,14.31,denoised,prismatic_a,0.44,0.46,0.45,24.2182722089605
6.48d,6.48,14.31,denoised,prismatic_a,0.46,0.48,0.47,24.0732703347867
6.48d,6.48,14.31,denoised,prismatic_a,0.48,0.5,0.49,23.9683823577765
6.02d,6.02,26.04,raw,prismatic_a,0,0.02,0.01,0
6.02d,6.02,26.04,raw,prismatic_a,0.02,0.04,0.03,0
6.02d,6.02,26.04,raw,prismatic_a,0.04,0.06,0.05,0
6.02d,6.02,26.04,raw,prismatic_a,0.06,0.08,0.07,0.0891457017355462
6.02d,6.02,26.04,raw,prismatic_a,0.08,0.1,0.09,0.00676683544527248
6.02d,6.02,26.04,raw,prismatic_a,0.1,0.12,0.11,0
6.02d,6.02,26.04,raw,prismatic_a,0.12,0.14,0.13,0.00411894331451368
6.02d,6.02,26.04,raw,prismatic_a,0.14,0.16,0.15,0.0164757732580547
6.02d,6.02,26.04,raw,prismatic_a,0.16,0.18,0.17,0
6.02d,6.02,26.04,raw,prismatic_a,0.18,0.2,0.19,0
6.02d,6.02,26.04,raw,prismatic_a,0.2,0.22,0.21,0.00176526142050586
6.02d,6.02,26.04,raw,prismatic_a,0.22,0.24,0.23,0.0235368189400782
6.02d,6.02,26.04,raw,prismatic_a,0.24,0.26,0.25,0.0300094441485997
6.02d,6.02,26.04,raw,prismatic_a,0.26,0.28,0.27,0.0485446890639113
6.02d,6.02,26.04,raw,prismatic_a,0.28,0.3,0.29,0.0355994386468683
6.02d,6.02,26.04,raw,prismatic_a,0.3,0.32,0.31,0.162109840449789
6.02d,6.02,26.04,raw,prismatic_a,0.32,0.34,0.33,0.48750636229637
6.02d,6.02,26.04,raw,prismatic_a,0.34,0.36,0.35,0.548113671067071
6.02d,6.02,26.04,raw,prismatic_a,0.36,0.38,0.37,1.25686613140018
6.02d,6.02,26.04,raw,prismatic_a,0.38,0.4,0.39,3.64349957192411
6.02d,6.02,26.04,raw,prismatic_a,0.4,0.42,0.41,5.51232299576631
6.02d,6.02,26.04,raw,prismatic_a,0.42,0.44,0.43,15.4931110673064
6.02d,6.02,26.04,raw,prismatic_a,0.44,0.46,0.45,21.7739112014663
6.02d,6.02,26.04,raw,prismatic_a,0.46,0.48,0.47,23.8375018020377
6.02d,6.02,26.04,raw,prismatic_a,0.48,0.5,0.49,27.0290944503123
6.02d,6.02,26.04,denoised,prismatic_a,0,0.02,0.01,0
6.02d,6.02,26.04,denoised,prismatic_a,0.02,0.04,0.03,0
6.02d,6.02,26.04,denoised,prismatic_a,0.04,0.06,0.05,0
6.02d,6.02,26.04,denoised,prismatic_a,0.06,0.08,0.07,0.0891648707835472
6.02d,6.02,26.04,denoised,prismatic_a,0.08,0.1,0.09,0.00668010432580321
6.02d,6.02,26.04,denoised,prismatic_a,0.1,0.12,0.11,0
6.02d,6.02,26.04,denoised,prismatic_a,0.12,0.14,0.13,0.00435658977769775
6.02d,6.02,26.04,denoised,prismatic_a,0.14,0.16,0.15,0.0168454804737646
6.02d,6.02,26.04,denoised,prismatic_a,0.16,0.18,0.17,0
6.02d,6.02,26.04,denoised,prismatic_a,0.18,0.2,0.19,0
6.02d,6.02,26.04,denoised,prismatic_a,0.2,0.22,0.21,0.0017426359110791
6.02d,6.02,26.04,denoised,prismatic_a,0.22,0.24,0.23,0.0235255847995678
6.02d,6.02,26.04,denoised,prismatic_a,0.24,0.26,0.25,0.0299152498068578
6.02d,6.02,26.04,denoised,prismatic_a,0.26,0.28,0.27,0.0479224875546752
6.02d,6.02,26.04,denoised,prismatic_a,0.28,0.3,0.29,0.0354335968586083
6.02d,6.02,26.04,denoised,prismatic_a,0.3,0.32,0.31,0.161193821774817
6.02d,6.02,26.04,denoised,prismatic_a,0.32,0.34,0.33,0.488809373057687
6.02d,6.02,26.04,denoised,prismatic_a,0.34,0.36,0.35,0.549220751308429
6.02d,6.02,26.04,denoised,prismatic_a,0.36,0.38,0.37,1.25992576371019
6.02d,6.02,26.04,denoised,prismatic_a,0.38,0.4,0.39,3.63833334301464
6.02d,6.02,26.04,denoised,prismatic_a,0.4,0.42,0.41,5.51689485515791
6.02d,6.02,26.04,denoised,prismatic_a,0.42,0.44,0.43,15.4711216185603
6.02d,6.02,26.04,denoised,prismatic_a,0.44,0.46,0.45,21.688556109972
6.02d,6.02,26.04,denoised,prismatic_a,0.46,0.48,0.47,23.979541454404
6.02d,6.02,26.04,denoised,prismatic_a,0.48,0.5,0.49,26.9908163087486
5.6d,5.6,36,raw,prismatic_a,0,0.02,0.01,0
5.6d,5.6,36,raw,prismatic_a,0.02,0.04,0.03,0
5.6d,5.6,36,raw,prismatic_a,0.04,0.06,0.05,0
5.6d,5.6,36,raw,prismatic_a,0.06,0.08,0.07,0
5.6d,5.6,36,raw,prismatic_a,0.08,0.1,0.09,0
5.6d,5.6,36,raw,prismatic_a,0.1,0.12,0.11,0
5.6d,5.6,36,raw,prismatic_a,0.12,0.14,0.13,0
5.6d,5.6,36,raw,prismatic_a,0.14,0.16,0.15,0.00780341954058394
5.6d,5.6,36,raw,prismatic_a,0.16,0.18,0.17,0
5.6d,5.6,36,raw,prismatic_a,0.18,0.2,0.19,0
5.6d,5.6,36,raw,prismatic_a,0.2,0.22,0.21,0.00205353145804841
5.6d,5.6,36,raw,prismatic_a,0.22,0.24,0.23,0.0114997761650711
5.6d,5.6,36,raw,prismatic_a,0.24,0.26,0.25,0.0956945659450557
5.6d,5.6,36,raw,prismatic_a,0.26,0.28,0.27,0.0468205172435037
5.6d,5.6,36,raw,prismatic_a,0.28,0.3,0.29,0.12896177556544
5.6d,5.6,36,raw,prismatic_a,0.3,0.32,0.31,0.10349798548564
5.6d,5.6,36,raw,prismatic_a,0.32,0.34,0.33,0.331850683620622
5.6d,5.6,36,raw,prismatic_a,0.34,0.36,0.35,0.495311787681275
5.6d,5.6,36,raw,prismatic_a,0.36,0.38,0.37,1.21692274203949
5.6d,5.6,36,raw,prismatic_a,0.38,0.4,0.39,3.68280331686401
5.6d,5.6,36,raw,prismatic_a,0.4,0.42,0.41,8.45562113166014
5.6d,5.6,36,raw,prismatic_a,0.42,0.44,0.43,19.5036203759605
5.6d,5.6,36,raw,prismatic_a,0.44,0.46,0.45,23.1675312034105
5.6d,5.6,36,raw,prismatic_a,0.46,0.48,0.47,23.7893405289075
5.6d,5.6,36,raw,prismatic_a,0.48,0.5,0.49,18.9606666584526
5.6d,5.6,36,denoised,prismatic_a,0,0.02,0.01,0
5.6d,5.6,36,denoised,prismatic_a,0.02,0.04,0.03,0
5.6d,5.6,36,denoised,prismatic_a,0.04,0.06,0.05,0
5.6d,5.6,36,denoised,prismatic_a,0.06,0.08,0.07,0
5.6d,5.6,36,denoised,prismatic_a,0.08,0.1,0.09,0
5.6d,5.6,36,denoised,prismatic_a,0.1,0.12,0.11,0
5.6d,5.6,36,denoised,prismatic_a,0.12,0.14,0.13,0.0022875966509585
5.6d,5.6,36,denoised,prismatic_a,0.14,0.16,0.15,0.00762532216986168
5.6d,5.6,36,denoised,prismatic_a,0.16,0.18,0.17,0
5.6d,5.6,36,denoised,prismatic_a,0.18,0.2,0.19,0
5.6d,5.6,36,denoised,prismatic_a,0.2,0.22,0.21,0.00266886275945159
5.6d,5.6,36,denoised,prismatic_a,0.22,0.24,0.23,0.013725579905751
5.6d,5.6,36,denoised,prismatic_a,0.24,0.26,0.25,0.0922663982553263
5.6d,5.6,36,denoised,prismatic_a,0.26,0.28,0.27,0.0461331991276632
5.6d,5.6,36,denoised,prismatic_a,0.28,0.3,0.29,0.127724146345183
5.6d,5.6,36,denoised,prismatic_a,0.3,0.32,0.31,0.0976041237742295
5.6d,5.6,36,denoised,prismatic_a,0.32,0.34,0.33,0.352289884247609
5.6d,5.6,36,denoised,prismatic_a,0.34,0.36,0.35,0.484970490003202
5.6d,5.6,36,denoised,prismatic_a,0.36,0.38,0.37,1.32985618642388
5.6d,5.6,36,denoised,prismatic_a,0.38,0.4,0.39,3.62660322398622
5.6d,5.6,36,denoised,prismatic_a,0.4,0.42,0.41,8.35544676762595
5.6d,5.6,36,denoised,prismatic_a,0.42,0.44,0.43,19.2901587592075
5.6d,5.6,36,denoised,prismatic_a,0.44,0.46,0.45,23.2362629821109
5.6d,5.6,36,denoised,prismatic_a,0.46,0.48,0.47,23.7376279147794
5.6d,5.6,36,denoised,prismatic_a,0.48,0.5,0.49,19.1967485626268
5.25d,5.25,43.75,raw,prismatic_a,0,0.02,0.01,0
5.25d,5.25,43.75,raw,prismatic_a,0.02,0.04,0.03,0
5.25d,5.25,43.75,raw,prismatic_a,0.04,0.06,0.05,0
5.25d,5.25,43.75,raw,prismatic_a,0.06,0.08,0.07,0
5.25d,5.25,43.75,raw,prismatic_a,0.08,0.1,0.09,0
5.25d,5.25,43.75,raw,prismatic_a,0.1,0.12,0.11,0
5.25d,5.25,43.75,raw,prismatic_a,0.12,0.14,0.13,0
5.25d,5.25,43.75,raw,prismatic_a,0.14,0.16,0.15,0.00287376140883279
5.25d,5.25,43.75,raw,prismatic_a,0.16,0.18,0.17,0
5.25d,5.25,43.75,raw,prismatic_a,0.18,0.2,0.19,0
5.25d,5.25,43.75,raw,prismatic_a,0.2,0.22,0.21,0
5.25d,5.25,43.75,raw,prismatic_a,0.22,0.24,0.23,0.00747177966296526
5.25d,5.25,43.75,raw,prismatic_a,0.24,0.26,0.25,0.0114950456353312
5.25d,5.25,43.75,raw,prismatic_a,0.26,0.28,0.27,0.0178173207347633
5.25d,5.25,43.75,raw,prismatic_a,0.28,0.3,0.29,0
5.25d,5.25,43.75,raw,prismatic_a,0.3,0.32,0.31,0.0563257236131227
5.25d,5.25,43.75,raw,prismatic_a,0.32,0.34,0.33,0.0982826401820815
5.25d,5.25,43.75,raw,prismatic_a,0.34,0.36,0.35,0.210934087408327
5.25d,5.25,43.75,raw,prismatic_a,0.36,0.38,0.37,1.10237487642826
5.25d,5.25,43.75,raw,prismatic_a,0.38,0.4,0.39,3.70427845598547
5.25d,5.25,43.75,raw,prismatic_a,0.4,0.42,0.41,8.53047336597924
5.25d,5.25,43.75,raw,prismatic_a,0.42,0.44,0.43,20.1140308527025
5.25d,5.25,43.75,raw,prismatic_a,0.44,0.46,0.45,25.8000551762191
5.25d,5.25,43.75,raw,prismatic_a,0.46,0.48,0.47,23.505644067407
5.25d,5.25,43.75,raw,prismatic_a,0.48,0.5,0.49,16.8379428466331
5.25d,5.25,43.75,denoised,prismatic_a,0,0.02,0.01,0
5.25d,5.25,43.75,denoised,prismatic_a,0.02,0.04,0.03,0
5.25d,5.25,43.75,denoised,prismatic_a,0.04,0.06,0.05,0
5.25d,5.25,43.75,denoised,prismatic_a,0.06,0.08,0.07,0.00244183547889277
5.25d,5.25,43.75,denoised,prismatic_a,0.08,0.1,0.09,0
5.25d,5.25,43.75,denoised,prismatic_a,0.1,0.12,0.11,0
5.25d,5.25,43.75,denoised,prismatic_a,0.12,0.14,0.13,0.00293020257467133
5.25d,5.25,43.75,denoised,prismatic_a,0.14,0.16,0.15,0.00293020257467133
5.25d,5.25,43.75,denoised,prismatic_a,0.16,0.18,0.17,0
5.25d,5.25,43.75,denoised,prismatic_a,0.18,0.2,0.19,0.00488367095778555
5.25d,5.25,43.75,denoised,prismatic_a,0.2,0.22,0.21,0.00244183547889277
5.25d,5.25,43.75,denoised,prismatic_a,0.22,0.24,0.23,0.00781387353245688
5.25d,5.25,43.75,denoised,prismatic_a,0.24,0.26,0.25,0.0102557090113497
5.25d,5.25,43.75,denoised,prismatic_a,0.26,0.28,0.27,0.0195346838311422
5.25d,5.25,43.75,denoised,prismatic_a,0.28,0.3,0.29,0.0053720380535641
5.25d,5.25,43.75,denoised,prismatic_a,0.3,0.32,0.31,0.0620226211638765
5.25d,5.25,43.75,denoised,prismatic_a,0.32,0.34,0.33,0.115254634603739
5.25d,5.25,43.75,denoised,prismatic_a,0.34,0.36,0.35,0.279834345881112
5.25d,5.25,43.75,denoised,prismatic_a,0.36,0.38,0.37,1.27610322126936
5.25d,5.25,43.75,denoised,prismatic_a,0.38,0.4,0.39,3.63735812935867
5.25d,5.25,43.75,denoised,prismatic_a,0.4,0.42,0.41,8.31347307143837
5.25d,5.25,43.75,denoised,prismatic_a,0.42,0.44,0.43,20.0333066359321
5.25d,5.25,43.75,denoised,prismatic_a,0.44,0.46,0.45,25.3272059541717
5.25d,5.25,43.75,denoised,prismatic_a,0.46,0.48,0.47,23.3669004317165
5.25d,5.25,43.75,denoised,prismatic_a,0.48,0.5,0.49,17.5299369029713
5d,5,48.98,raw,prismatic_a,0,0.02,0.01,0
5d,5,48.98,raw,prismatic_a,0.02,0.04,0.03,0
5d,5,48.98,raw,prismatic_a,0.04,0.06,0.05,0
5d,5,48.98,raw,prismatic_a,0.06,0.08,0.07,0
5d,5,48.98,raw,prismatic_a,0.08,0.1,0.09,0.00352470820451364
5d,5,48.98,raw,prismatic_a,0.1,0.12,0.11,0
5d,5,48.98,raw,prismatic_a,0.12,0.14,0.13,0
5d,5,48.98,raw,prismatic_a,0.14,0.16,0.15,0.00251764871750974
5d,5,48.98,raw,prismatic_a,0.16,0.18,0.17,0
5d,5,48.98,raw,prismatic_a,0.18,0.2,0.19,0.019134130253074
5d,5,48.98,raw,prismatic_a,0.2,0.22,0.21,0
5d,5,48.98,raw,prismatic_a,0.22,0.24,0.23,0
5d,5,48.98,raw,prismatic_a,0.24,0.26,0.25,0
5d,5,48.98,raw,prismatic_a,0.26,0.28,0.27,0.00654588666552533
5d,5,48.98,raw,prismatic_a,0.28,0.3,0.29,0.0931530025478605
5d,5,48.98,raw,prismatic_a,0.3,0.32,0.31,0.0483388553761871
5d,5,48.98,raw,prismatic_a,0.32,0.34,0.33,0.0815718184473157
5d,5,48.98,raw,prismatic_a,0.34,0.36,0.35,0.457708536843271
5d,5,48.98,raw,prismatic_a,0.36,0.38,0.37,1.28601496490398
5d,5,48.98,raw,prismatic_a,0.38,0.4,0.39,3.42450578555675
5d,5,48.98,raw,prismatic_a,0.4,0.42,0.41,9.22013313326417
5d,5,48.98,raw,prismatic_a,0.42,0.44,0.43,22.3189558807239
5d,5,48.98,raw,prismatic_a,0.44,0.46,0.45,27.5179004823815
5d,5,48.98,raw,prismatic_a,0.46,0.48,0.47,20.926696139941
5d,5,48.98,raw,prismatic_a,0.48,0.5,0.49,14.5932990261735
5d,5,48.98,denoised,prismatic_a,0,0.02,0.01,0
5d,5,48.98,denoised,prismatic_a,0.02,0.04,0.03,0
5d,5,48.98,denoised,prismatic_a,0.04,0.06,0.05,0
5d,5,48.98,denoised,prismatic_a,0.06,0.08,0.07,0
5d,5,48.98,denoised,prismatic_a,0.08,0.1,0.09,0.00450377416274838
5d,5,48.98,denoised,prismatic_a,0.1,0.12,0.11,0
5d,5,48.98,denoised,prismatic_a,0.12,0.14,0.13,0
5d,5,48.98,denoised,prismatic_a,0.14,0.16,0.15,0.00225188708137419
5d,5,48.98,denoised,prismatic_a,0.16,0.18,0.17,0.00225188708137419
5d,5,48.98,denoised,prismatic_a,0.18,0.2,0.19,0.0198166063160929
5d,5,48.98,denoised,prismatic_a,0.2,0.22,0.21,0
5d,5,48.98,denoised,prismatic_a,0.22,0.24,0.23,0
5d,5,48.98,denoised,prismatic_a,0.24,0.26,0.25,0.00225188708137419
5d,5,48.98,denoised,prismatic_a,0.26,0.28,0.27,0.00630528382784774
5d,5,48.98,denoised,prismatic_a,0.28,0.3,0.29,0.0923273703363419
5d,5,48.98,denoised,prismatic_a,0.3,0.32,0.31,0.05584679961808
5d,5,48.98,denoised,prismatic_a,0.32,0.34,0.33,0.0896251058386928
5d,5,48.98,denoised,prismatic_a,0.34,0.36,0.35,0.47289628708858
5d,5,48.98,denoised,prismatic_a,0.36,0.38,0.37,1.36194130681511
5d,5,48.98,denoised,prismatic_a,0.38,0.4,0.39,3.46070006665586
5d,5,48.98,denoised,prismatic_a,0.4,0.42,0.41,9.09537192167035
5d,5,48.98,denoised,prismatic_a,0.42,0.44,0.43,22.1482102001476
5d,5,48.98,denoised,prismatic_a,0.44,0.46,0.45,26.714586823758
5d,5,48.98,denoised,prismatic_a,0.46,0.48,0.47,21.6145129618618
5d,5,48.98,denoised,prismatic_a,0.48,0.5,0.49,14.856599830658
