sample,diameter_mm,cold_reduction_percent,bin_lower_1e14_m2,bin_upper_1e14_m2,bin_center_1e14_m2,pixel_frequency_percent
7d,7,0,0,0.1,0.05,1.6993288740619
7d,7,0,0.1,0.2,0.15,22.7394902572184
7d,7,0,0.2,0.3,0.25,31.4811710337351
7d,7,0,0.3,0.4,0.35,20.7168921448649
7d,7,0,0.4,0.5,0.45,10.8844221667142
7d,7,0,0.5,0.6,0.55,5.41315317429716
7d,7,0,0.6,0.7,0.65,2.79598553810218
7d,7,0,0.7,0.8,0.75,1.49117366012305
7d,7,0,0.8,0.9,0.85,0.882075181751633
7d,7,0,0.9,1,0.95,0.547350421619084
7d,7,0,1,1.1,1.05,0.3668561018815
7d,7,0,1.1,1.2,1.15,0.240565958659536
7d,7,0,1.2,1.3,1.25,0.172112230585685
7d,7,0,1.3,1.4,1.35,0.120422680815633
7d,7,0,1.4,1.5,1.45,0.0902471598687924
7d,7,0,1.5,1.6,1.55,0.0648214894413617
7d,7,0,1.6,1.7,1.65,0.0516895497700514
7d,7,0,1.7,1.8,1.75,0.0354841774097109
7d,7,0,1.8,1.9,1.85,0.0310137298620308
7d,7,0,1.9,2,1.95,0.0226316407101306
7d,7,0,2,2.1,2.05,0.0150877604734204
7d,7,0,2.1,2.2,2.15,0.0156465664168804
7d,7,0,2.2,2.3,2.25,0.0139701485865004
7d,7,0,2.3,2.4,2.35,0.0134113426430404
7d,7,0,2.4,2.5,2.45,0.0108967158974703
7d,7,0,2.5,2.6,2.55,0.0114555218409303
7d,7,0,2.6,2.7,2.65,0.0078232832084402
7d,7,0,2.7,2.8,2.75,0.0036322386324901
7d,7,0,2.8,2.9,2.85,0.00642626834979017
7d,7,0,2.9,3,2.95,0.00586746240633015
7d,7,0,3,3.1,3.05,0.00335283566076009
7d,7,0,3.1,3.2,3.15,0.00614686537806016
7d,7,0,3.2,3.3,3.25,0.00614686537806016
7d,7,0,3.3,3.4,3.35,0.00419104457595011
7d,7,0,3.4,3.5,3.45,0.00335283566076009
7d,7,0,3.5,3.6,3.55,0.00195582080211005
7d,7,0,3.6,3.7,3.65,0.00307343268903008
7d,7,0,3.7,3.8,3.75,0.00307343268903008
7d,7,0,3.8,3.9,3.85,0.00223522377384006
7d,7,0,3.9,4,3.95,0.00223522377384006
7d,7,0,4,4.1,4.05,0.00279402971730007
7d,7,0,4.1,4.2,4.15,0.00223522377384006
7d,7,0,4.2,4.3,4.25,0.00167641783038004
7d,7,0,4.3,4.4,4.35,0.000838208915190022
7d,7,0,4.4,4.5,4.45,0.00223522377384006
7d,7,0,4.5,4.6,4.55,0.00111761188692003
7d,7,0,4.6,4.7,4.65,0.000558805943460015
7d,7,0,4.7,4.8,4.75,0.000838208915190022
7d,7,0,4.8,4.9,4.85,0.000279402971730007
7d,7,0,4.9,5,4.95,0.000279402971730007
7d,7,0,5,5.1,5.05,0.000279402971730007
7d,7,0,5.1,5.2,5.15,0
7d,7,0,5.2,5.3,5.25,0
7d,7,0,5.3,5.4,5.35,0
7d,7,0,5.4,5.5,5.45,0
7d,7,0,5.5,5.6,5.55,0
7d,7,0,5.6,5.7,5.65,0
7d,7,0,5.7,5.8,5.75,0
7d,7,0,5.8,5.9,5.85,0
7d,7,0,5.9,6,5.95,0
7d,7,0,6,6.1,6.05,0
7d,7,0,6.1,6.2,6.15,0
7d,7,0,6.2,6.3,6.25,0
7d,7,0,6.3,6.4,6.35,0
7d,7,0,6.4,6.5,6.45,0
7d,7,0,6.5,6.6,6.55,0
7d,7,0,6.6,6.7,6.65,0
7d,7,0,6.7,6.8,6.75,0
7d,7,0,6.8,6.9,6.85,0
7d,7,0,6.9,7,6.95,0
7d,7,0,7,7.1,7.05,0
7d,7,0,7.1,7.2,7.15,0
7d,7,0,7.2,7.3,7.25,0
7d,7,0,7.3,7.4,7.35,0
7d,7,0,7.4,7.5,7.45,0
7d,7,0,7.5,7.6,7.55,0
7d,7,0,7.6,7.7,7.65,0
7d,7,0,7.7,7.8,7.75,0
7d,7,0,7.8,7.9,7.85,0
7d,7,0,7.9,8,7.95,0
7d,7,0,8,8.1,8.05,0
7d,7,0,8.1,8.2,8.15,0
7d,7,0,8.2,8.3,8.25,0
7d,7,0,8.3,8.4,8.35,0
7d,7,0,8.4,8.5,8.45,0
7d,7,0,8.5,8.6,8.55,0
7d,7,0,8.6,8.7,8.65,0
7d,7,0,8.7,8.8,8.75,0
7d,7,0,8.8,8.9,8.85,0
7d,7,0,8.9,9,8.95,0
7d,7,0,9,9.1,9.05,0
7d,7,0,9.1,9.2,9.15,0
7d,7,0,9.2,9.3,9.25,0
7d,7,0,9.3,9.4,9.35,0
7d,7,0,9.4,9.5,9.45,0
7d,7,0,9.5,9.6,9.55,0
7d,7,0,9.6,9.7,9.65,0
7d,7,0,9.7,9.8,9.75,0
7d,7,0,9.8,9.9,9.85,0
7d,7,0,9.9,10,9.95,0
7d,7,0,10,10.1,10.05,0
7d,7,0,10.1,10.2,10.15,0
7d,7,0,10.2,10.3,10.25,0
7d,7,0,10.3,10.4,10.35,0
7d,7,0,10.4,10.5,10.45,0
7d,7,0,10.5,10.6,10.55,0
7d,7,0,10.6,10.7,10.65,0
7d,7,0,10.7,10.8,10.75,0
7d,7,0,10.8,10.9,10.85,0
7d,7,0,10.9,11,10.95,0
7d,7,0,11,11.1,11.05,0
7d,7,0,11.1,11.2,11.15,0
7d,7,0,11.2,11.3,11.25,0
7d,7,0,11.3,11.4,11.35,0
7d,7,0,11.4,11.5,11.45,0
7d,7,0,11.5,11.6,11.55,0
7d,7,0,11.6,11.7,11.65,0
7d,7,0,11.7,11.8,11.75,0
7d,7,0,11.8,11.9,11.85,0
7d,7,0,11.9,12,11.95,0
6.48d,6.48,14.31,0,0.1,0.05,0
6.48d,6.48,14.31,0.1,0.2,0.15,0.00124859533025346
6.48d,6.48,14.31,0.2,0.3,0.25,0.00530653015357723
6.48d,6.48,14.31,0.3,0.4,0.35,0.00874016731177425
6.48d,6.48,14.31,0.4,0.5,0.45,0.0259083531027594
6.48d,6.48,14.31,0.5,0.6,0.55,0.0515045573729554
6.48d,6.48,14.31,0.6,0.7,0.65,0.111749282057685
6.48d,6.48,14.31,0.7,0.8,0.75,0.214134099138469
6.48d,6.48,14.31,0.8,0.9,0.85,0.354601073791984
6.48d,6.48,14.31,0.9,1,0.95,0.556249219627919
6.48d,6.48,14.31,1,1.1,1.05,0.802534648520415
6.48d,6.48,14.31,1.1,1.2,1.15,1.05412660756649
6.48d,6.48,14.31,1.2,1.3,1.25,1.31289798976152
6.48d,6.48,14.31,1.3,1.4,1.35,1.61006367836184
6.48d,6.48,14.31,1.4,1.5,1.45,1.87258084654763
6.48d,6.48,14.31,1.5,1.6,1.55,2.16506430265951
6.48d,6.48,14.31,1.6,1.7,1.65,2.39511799225871
6.48d,6.48,14.31,1.7,1.8,1.75,2.56242976651267
6.48d,6.48,14.31,1.8,1.9,1.85,2.7556498938694
6.48d,6.48,14.31,1.9,2,1.95,3.06311649394431
6.48d,6.48,14.31,2,2.1,2.05,3.12773130228493
6.48d,6.48,14.31,2.1,2.2,2.15,3.23667124484954
6.48d,6.48,14.31,2.2,2.3,2.25,3.31158696466475
6.48d,6.48,14.31,2.3,2.4,2.35,3.36902234985641
6.48d,6.48,14.31,2.4,2.5,2.45,3.36714945686103
6.48d,6.48,14.31,2.5,2.6,2.55,3.45111749282058
6.48d,6.48,14.31,2.6,2.7,2.65,3.41584467474092
6.48d,6.48,14.31,2.7,2.8,2.75,3.45049319515545
6.48d,6.48,14.31,2.8,2.9,2.85,3.37245598701461
6.48d,6.48,14.31,2.9,3,2.95,3.26382819328256
6.48d,6.48,14.31,3,3.1,3.05,3.24572356099388
6.48d,6.48,14.31,3.1,3.2,3.15,3.15894618554127
6.48d,6.48,14.31,3.2,3.3,3.25,3.05843426145586
6.48d,6.48,14.31,3.3,3.4,3.35,2.93482332376077
6.48d,6.48,14.31,3.4,3.5,3.45,2.88893744537395
6.48d,6.48,14.31,3.5,3.6,3.55,2.74690972655762
6.48d,6.48,14.31,3.6,3.7,3.65,2.60706704956923
6.48d,6.48,14.31,3.7,3.8,3.75,2.43725808465476
6.48d,6.48,14.31,3.8,3.9,3.85,2.30428268198277
6.48d,6.48,14.31,3.9,4,3.95,2.14883256336621
6.48d,6.48,14.31,4,4.1,4.05,2.02490947683856
6.48d,6.48,14.31,4.1,4.2,4.15,1.87788737670121
6.48d,6.48,14.31,4.2,4.3,4.25,1.68185790985142
6.48d,6.48,14.31,4.3,4.4,4.35,1.61349731552004
6.48d,6.48,14.31,4.4,4.5,4.45,1.47802472218754
6.48d,6.48,14.31,4.5,4.6,4.55,1.35722312398552
6.48d,6.48,14.31,4.6,4.7,4.65,1.20302160069921
6.48d,6.48,14.31,4.7,4.8,4.75,0.922087651392184
6.48d,6.48,14.31,4.8,4.9,4.85,0.740729179672868
6.48d,6.48,14.31,4.9,5,4.95,0.680796603820702
6.48d,6.48,14.31,5,5.1,5.05,0.594331377200649
6.48d,6.48,14.31,5.1,5.2,5.15,0.495380197278062
6.48d,6.48,14.31,5.2,5.3,5.25,0.455737295542515
6.48d,6.48,14.31,5.3,5.4,5.35,0.378948682731927
6.48d,6.48,14.31,5.4,5.5,5.45,0.334623548507929
6.48d,6.48,14.31,5.5,5.6,5.55,0.300911474591085
6.48d,6.48,14.31,5.6,5.7,5.65,0.275627419153452
6.48d,6.48,14.31,5.7,5.8,5.75,0.21975277812461
6.48d,6.48,14.31,5.8,5.9,5.85,0.208515420152329
6.48d,6.48,14.31,5.9,6,5.95,0.19103508552878
6.48d,6.48,14.31,6,6.1,6.05,0.158883755774753
6.48d,6.48,14.31,6.1,6.2,6.15,0.142964165314022
6.48d,6.48,14.31,6.2,6.3,6.25,0.122050193532276
6.48d,6.48,14.31,6.3,6.4,6.35,0.108627793732051
6.48d,6.48,14.31,6.4,6.5,6.45,0.0908353102759396
6.48d,6.48,14.31,6.5,6.6,6.55,0.0786615058059683
6.48d,6.48,14.31,6.6,6.7,6.65,0.0677362966662505
6.48d,6.48,14.31,6.7,6.8,6.75,0.0614933200149831
6.48d,6.48,14.31,6.8,6.9,6.85,0.0521288550380822
6.48d,6.48,14.31,6.9,7,6.95,0.0421400923960544
6.48d,6.48,14.31,7,7.1,7.05,0.038394306405294
6.48d,6.48,14.31,7.1,7.2,7.15,0.0352728180796604
6.48d,6.48,14.31,7.2,7.3,7.25,0.0249719066050693
6.48d,6.48,14.31,7.3,7.4,7.35,0.0274690972655762
6.48d,6.48,14.31,7.4,7.5,7.45,0.0209139717817455
6.48d,6.48,14.31,7.5,7.6,7.55,0.0140466974653515
6.48d,6.48,14.31,7.6,7.7,7.65,0.0165438881258584
6.48d,6.48,14.31,7.7,7.8,7.75,0.012798102135098
6.48d,6.48,14.31,7.8,7.9,7.85,0.00936446497690099
6.48d,6.48,14.31,7.9,8,7.95,0.00437008365588713
6.48d,6.48,14.31,8,8.1,8.05,0.00468223248845049
6.48d,6.48,14.31,8.1,8.2,8.15,0.00374578599076039
6.48d,6.48,14.31,8.2,8.3,8.25,0.00156074416281683
6.48d,6.48,14.31,8.3,8.4,8.35,0.000936446497690099
6.48d,6.48,14.31,8.4,8.5,8.45,0.000936446497690099
6.48d,6.48,14.31,8.5,8.6,8.55,0.000624297665126732
6.48d,6.48,14.31,8.6,8.7,8.65,0.000936446497690099
6.48d,6.48,14.31,8.7,8.8,8.75,0.000624297665126732
6.48d,6.48,14.31,8.8,8.9,8.85,0.000312148832563366
6.48d,6.48,14.31,8.9,9,8.95,0
6.48d,6.48,14.31,9,9.1,9.05,0.000624297665126732
6.48d,6.48,14.31,9.1,9.2,9.15,0.000312148832563366
6.48d,6.48,14.31,9.2,9.3,9.25,0
6.48d,6.48,14.31,9.3,9.4,9.35,0
6.48d,6.48,14.31,9.4,9.5,9.45,0
6.48d,6.48,14.31,9.5,9.6,9.55,0
6.48d,6.48,14.31,9.6,9.7,9.65,0
6.48d,6.48,14.31,9.7,9.8,9.75,0
6.48d,6.48,14.31,9.8,9.9,9.85,0
6.48d,6.48,14.31,9.9,10,9.95,0
6.48d,6.48,14.31,10,10.1,10.05,0
6.48d,6.48,14.31,10.1,10.2,10.15,0
6.48d,6.48,14.31,10.2,10.3,10.25,0
6.48d,6.48,14.31,10.3,10.4,10.35,0
6.48d,6.48,14.31,10.4,10.5,10.45,0
6.48d,6.48,14.31,10.5,10.6,10.55,0
6.48d,6.48,14.31,10.6,10.7,10.65,0
6.48d,6.48,14.31,10.7,10.8,10.75,0
6.48d,6.48,14.31,10.8,10.9,10.85,0
6.48d,6.48,14.31,10.9,11,10.95,0
6.48d,6.48,14.31,11,11.1,11.05,0
6.48d,6.48,14.31,11.1,11.2,11.15,0
6.48d,6.48,14.31,11.2,11.3,11.25,0
6.48d,6.48,14.31,11.3,11.4,11.35,0
6.48d,6.48,14.31,11.4,11.5,11.45,0
6.48d,6.48,14.31,11.5,11.6,11.55,0
6.48d,6.48,14.31,11.6,11.7,11.65,0
6.48d,6.48,14.31,11.7,11.8,11.75,0
6.48d,6.48,14.31,11.8,11.9,11.85,0
6.48d,6.48,14.31,11.9,12,11.95,0
6.02d,6.02,26.04,0,0.1,0.05,0.000288448780150109
6.02d,6.02,26.04,0.1,0.2,0.15,0.000865346340450326
6.02d,6.02,26.04,0.2,0.3,0.25,0.00634587316330239
6.02d,6.02,26.04,0.3,0.4,0.35,0.0334600584974126
6.02d,6.02,26.04,0.4,0.5,0.45,0.129801951067549
6.02d,6.02,26.04,0.5,0.6,0.55,0.353349755683883
6.02d,6.02,26.04,0.6,0.7,0.65,0.757178047894035
6.02d,6.02,26.04,0.7,0.8,0.75,1.31849937406615
6.02d,6.02,26.04,0.8,0.9,0.85,1.92626095384243
6.02d,6.02,26.04,0.9,1,0.95,2.55248325554831
6.02d,6.02,26.04,1,1.1,1.05,3.12447718658598
6.02d,6.02,26.04,1.1,1.2,1.15,3.67281831765133
6.02d,6.02,26.04,1.2,1.3,1.25,3.94222947831154
6.02d,6.02,26.04,1.3,1.4,1.35,4.21164063897174
6.02d,6.02,26.04,1.4,1.5,1.45,4.43057326310567
6.02d,6.02,26.04,1.5,1.6,1.55,4.33826965345764
6.02d,6.02,26.04,1.6,1.7,1.65,4.3835561119412
6.02d,6.02,26.04,1.7,1.8,1.75,4.21625581945414
6.02d,6.02,26.04,1.8,1.9,1.85,4.20789080482979
6.02d,6.02,26.04,1.9,2,1.95,3.98722748801495
6.02d,6.02,26.04,2,2.1,2.05,3.80348561505933
6.02d,6.02,26.04,2.1,2.2,2.15,3.66878003472923
6.02d,6.02,26.04,2.2,2.3,2.25,3.437732561829
6.02d,6.02,26.04,2.3,2.4,2.35,3.28716229859064
6.02d,6.02,26.04,2.4,2.5,2.45,3.02755839645554
6.02d,6.02,26.04,2.5,2.6,2.55,2.93813927460901
6.02d,6.02,26.04,2.6,2.7,2.65,2.75237826019234
6.02d,6.02,26.04,2.7,2.8,2.75,2.56344430919402
6.02d,6.02,26.04,2.8,2.9,2.85,2.31883974362672
6.02d,6.02,26.04,2.9,3,2.95,2.19192228036068
6.02d,6.02,26.04,3,3.1,3.05,2.06010118783208
6.02d,6.02,26.04,3.1,3.2,3.15,1.90376194899072
6.02d,6.02,26.04,3.2,3.3,3.25,1.77424844670332
6.02d,6.02,26.04,3.3,3.4,3.35,1.59367951032935
6.02d,6.02,26.04,3.4,3.5,3.45,1.48954950069516
6.02d,6.02,26.04,3.5,3.6,3.55,1.37705447643662
6.02d,6.02,26.04,3.6,3.7,3.65,1.25792513023462
6.02d,6.02,26.04,3.7,3.8,3.75,1.16764066204764
6.02d,6.02,26.04,3.8,3.9,3.85,1.09697071091086
6.02d,6.02,26.04,3.9,4,3.95,1.00005192078043
6.02d,6.02,26.04,4,4.1,4.05,0.868807725812128
6.02d,6.02,26.04,4.1,4.2,4.15,0.813425560023307
6.02d,6.02,26.04,4.2,4.3,4.25,0.725737130857674
6.02d,6.02,26.04,4.3,4.4,4.35,0.674681696771104
6.02d,6.02,26.04,4.4,4.5,4.45,0.58382033102382
6.02d,6.02,26.04,4.5,4.6,4.55,0.5318995505968
6.02d,6.02,26.04,4.6,4.7,4.65,0.524399882312898
6.02d,6.02,26.04,4.7,4.8,4.75,0.388252058082046
6.02d,6.02,26.04,4.8,4.9,4.85,0.31815900450557
6.02d,6.02,26.04,4.9,5,4.95,0.279795316745605
6.02d,6.02,26.04,5,5.1,5.05,0.244316116787142
6.02d,6.02,26.04,5.1,5.2,5.15,0.21200985341033
6.02d,6.02,26.04,5.2,5.3,5.25,0.194414477821173
6.02d,6.02,26.04,5.3,5.4,5.35,0.169607882728264
6.02d,6.02,26.04,5.4,5.5,5.45,0.166723394926763
6.02d,6.02,26.04,5.5,5.6,5.55,0.142782146174304
6.02d,6.02,26.04,5.6,5.7,5.65,0.113071921818843
6.02d,6.02,26.04,5.7,5.8,5.75,0.0972072389105866
6.02d,6.02,26.04,5.8,5.9,5.85,0.0888422242862335
6.02d,6.02,26.04,5.9,6,5.95,0.0752851316191784
6.02d,6.02,26.04,6,6.1,6.05,0.0686508096757259
6.02d,6.02,26.04,6.1,6.2,6.15,0.0574013072498716
6.02d,6.02,26.04,6.2,6.3,6.25,0.0548052682285207
6.02d,6.02,26.04,6.3,6.4,6.35,0.0412481755614656
6.02d,6.02,26.04,6.4,6.5,6.45,0.0349023023981632
6.02d,6.02,26.04,6.5,6.6,6.55,0.031729365816512
6.02d,6.02,26.04,6.6,6.7,6.65,0.0288448780150109
6.02d,6.02,26.04,6.7,6.8,6.75,0.0282679804547107
6.02d,6.02,26.04,6.8,6.9,6.85,0.0224990048517085
6.02d,6.02,26.04,6.9,7,6.95,0.0196145170502074
6.02d,6.02,26.04,7,7.1,7.05,0.015864682908256
6.02d,6.02,26.04,7.1,7.2,7.15,0.0167300292487063
6.02d,6.02,26.04,7.2,7.3,7.25,0.0115379512060044
6.02d,6.02,26.04,7.3,7.4,7.35,0.0103841560854039
6.02d,6.02,26.04,7.4,7.5,7.45,0.00490362926255185
6.02d,6.02,26.04,7.5,7.6,7.55,0.00865346340450326
6.02d,6.02,26.04,7.6,7.7,7.65,0.00605742438315228
6.02d,6.02,26.04,7.7,7.8,7.75,0.00605742438315228
6.02d,6.02,26.04,7.8,7.9,7.85,0.00346138536180131
6.02d,6.02,26.04,7.9,8,7.95,0.00490362926255185
6.02d,6.02,26.04,8,8.1,8.05,0.00230759024120087
6.02d,6.02,26.04,8.1,8.2,8.15,0.00144224390075054
6.02d,6.02,26.04,8.2,8.3,8.25,0.000865346340450326
6.02d,6.02,26.04,8.3,8.4,8.35,0.000576897560300218
6.02d,6.02,26.04,8.4,8.5,8.45,0.000288448780150109
6.02d,6.02,26.04,8.5,8.6,8.55,0.000576897560300218
6.02d,6.02,26.04,8.6,8.7,8.65,0
6.02d,6.02,26.04,8.7,8.8,8.75,0
6.02d,6.02,26.04,8.8,8.9,8.85,0.000288448780150109
6.02d,6.02,26.04,8.9,9,8.95,0
6.02d,6.02,26.04,9,9.1,9.05,0
6.02d,6.02,26.04,9.1,9.2,9.15,0
6.02d,6.02,26.04,9.2,9.3,9.25,0
6.02d,6.02,26.04,9.3,9.4,9.35,0
6.02d,6.02,26.04,9.4,9.5,9.45,0
6.02d,6.02,26.04,9.5,9.6,9.55,0
6.02d,6.02,26.04,9.6,9.7,9.65,0
6.02d,6.02,26.04,9.7,9.8,9.75,0
6.02d,6.02,26.04,9.8,9.9,9.85,0
6.02d,6.02,26.04,9.9,10,9.95,0
6.02d,6.02,26.04,10,10.1,10.05,0
6.02d,6.02,26.04,10.1,10.2,10.15,0
6.02d,6.02,26.04,10.2,10.3,10.25,0
6.02d,6.02,26.04,10.3,10.4,10.35,0
6.02d,6.02,26.04,10.4,10.5,10.45,0
6.02d,6.02,26.04,10.5,10.6,10.55,0
6.02d,6.02,26.04,10.6,10.7,10.65,0
6.02d,6.02,26.04,10.7,10.8,10.75,0
6.02d,6.02,26.04,10.8,10.9,10.85,0
6.02d,6.02,26.04,10.9,11,10.95,0
6.02d,6.02,26.04,11,11.1,11.05,0
6.02d,6.02,26.04,11.1,11.2,11.15,0
6.02d,6.02,26.04,11.2,11.3,11.25,0
6.02d,6.02,26.04,11.3,11.4,11.35,0
6.02d,6.02,26.04,11.4,11.5,11.45,0
6.02d,6.02,26.04,11.5,11.6,11.55,0
6.02d,6.02,26.04,11.6,11.7,11.65,0
6.02d,6.02,26.04,11.7,11.8,11.75,0
6.02d,6.02,26.04,11.8,11.9,11.85,0
6.02d,6.02,26.04,11.9,12,11.95,0
5.6d,5.6,36,0,0.1,0.05,0.00070016488883132
5.6d,5.6,36,0.1,0.2,0.15,0.0017504122220783
5.6d,5.6,36,0.2,0.3,0.25,0.0052512366662349
5.6d,5.6,36,0.3,0.4,0.35,0.0171540397763673
5.6d,5.6,36,0.4,0.5,0.45,0.0224052764426022
5.6d,5.6,36,0.5,0.6,0.55,0.0483113773293611
5.6d,5.6,36,0.6,0.7,0.65,0.0644151697724814
5.6d,5.6,36,0.7,0.8,0.75,0.100473661547294
5.6d,5.6,36,0.8,0.9,0.85,0.142483554877174
5.6d,5.6,36,0.9,1,0.95,0.225803176648101
5.6d,5.6,36,1,1.1,1.05,0.320675519084744
5.6d,5.6,36,1.1,1.2,1.15,0.446355116629966
5.6d,5.6,36,1.2,1.3,1.25,0.606342793727923
5.6d,5.6,36,1.3,1.4,1.35,0.761079234159645
5.6d,5.6,36,1.4,1.5,1.45,0.981981256585926
5.6d,5.6,36,1.5,1.6,1.55,1.20008261945688
5.6d,5.6,36,1.6,1.7,1.65,1.39087755166342
5.6d,5.6,36,1.7,1.8,1.75,1.63698551008763
5.6d,5.6,36,1.8,1.9,1.85,1.86208852184689
5.6d,5.6,36,1.9,2,1.95,2.07878955494019
5.6d,5.6,36,2,2.1,2.05,2.25628135425893
5.6d,5.6,36,2.1,2.2,2.15,2.54439920601302
5.6d,5.6,36,2.2,2.3,2.25,2.72189100533176
5.6d,5.6,36,2.3,2.4,2.35,2.86297423043127
5.6d,5.6,36,2.4,2.5,2.45,3.02086141286273
5.6d,5.6,36,2.5,2.6,2.55,3.15739356618484
5.6d,5.6,36,2.6,2.7,2.65,3.30442819283941
5.6d,5.6,36,2.7,2.8,2.75,3.43045787282905
5.6d,5.6,36,2.8,2.9,2.85,3.45776430349347
5.6d,5.6,36,2.9,3,2.95,3.54423466726414
5.6d,5.6,36,3,3.1,3.05,3.59079563237142
5.6d,5.6,36,3.1,3.2,3.15,3.56804027348441
5.6d,5.6,36,3.2,3.3,3.25,3.63175527836806
5.6d,5.6,36,3.3,3.4,3.35,3.51307732971115
5.6d,5.6,36,3.4,3.5,3.45,3.54318441993089
5.6d,5.6,36,3.5,3.6,3.55,3.41400399794152
5.6d,5.6,36,3.6,3.7,3.65,3.27152044306434
5.6d,5.6,36,3.7,3.8,3.75,3.19940345951472
5.6d,5.6,36,3.8,3.9,3.85,3.02891330908429
5.6d,5.6,36,3.9,4,3.95,2.94069253309154
5.6d,5.6,36,4,4.1,4.05,2.78210518577125
5.6d,5.6,36,4.1,4.2,4.15,2.59341074823121
5.6d,5.6,36,4.2,4.3,4.25,2.4166191138013
5.6d,5.6,36,4.3,4.4,4.35,2.28778877425634
5.6d,5.6,36,4.4,4.5,4.45,2.09069235805032
5.6d,5.6,36,4.5,4.6,4.55,1.88554404562274
5.6d,5.6,36,4.6,4.7,4.65,1.75216263430038
5.6d,5.6,36,4.7,4.8,4.75,1.20673418590078
5.6d,5.6,36,4.8,4.9,4.85,0.911614685258378
5.6d,5.6,36,4.9,5,4.95,0.793286819045885
5.6d,5.6,36,5,5.1,5.05,0.684411178832615
5.6d,5.6,36,5.1,5.2,5.15,0.606692876172339
5.6d,5.6,36,5.2,5.3,5.25,0.539126964400116
5.6d,5.6,36,5.3,5.4,5.35,0.4694605579614
5.6d,5.6,36,5.4,5.5,5.45,0.427800747075936
5.6d,5.6,36,5.5,5.6,5.55,0.353933351304232
5.6d,5.6,36,5.6,5.7,5.65,0.318925106862666
5.6d,5.6,36,5.7,5.8,5.75,0.291268593753829
5.6d,5.6,36,5.8,5.9,5.85,0.232104660647583
5.6d,5.6,36,5.9,6,5.95,0.198146663539263
5.6d,5.6,36,6,6.1,6.05,0.170140067986011
5.6d,5.6,36,6.1,6.2,6.15,0.153686193098475
5.6d,5.6,36,6.2,6.3,6.25,0.131981081544704
5.6d,5.6,36,6.3,6.4,6.35,0.113076629546258
5.6d,5.6,36,6.4,6.5,6.45,0.0997734966584631
5.6d,5.6,36,6.5,6.6,6.55,0.0938220951033969
5.6d,5.6,36,6.6,6.7,6.65,0.0745675606605356
5.6d,5.6,36,6.7,6.8,6.75,0.0717669011052103
5.6d,5.6,36,6.8,6.9,6.85,0.0563632735509212
5.6d,5.6,36,6.9,7,6.95,0.0427100582187105
5.6d,5.6,36,7,7.1,7.05,0.0409596459966322
5.6d,5.6,36,7.1,7.2,7.15,0.0385090688857226
5.6d,5.6,36,7.2,7.3,7.25,0.0322075848862407
5.6d,5.6,36,7.3,7.4,7.35,0.0266062657755902
5.6d,5.6,36,7.4,7.5,7.45,0.017504122220783
5.6d,5.6,36,7.5,7.6,7.55,0.0182042871096143
5.6d,5.6,36,7.6,7.7,7.65,0.0112026382213011
5.6d,5.6,36,7.7,7.8,7.75,0.0136532153322107
5.6d,5.6,36,7.8,7.9,7.85,0.0112026382213011
5.6d,5.6,36,7.9,8,7.95,0.00840197866597584
5.6d,5.6,36,8,8.1,8.05,0.00490115422181924
5.6d,5.6,36,8.1,8.2,8.15,0.00385090688857226
5.6d,5.6,36,8.2,8.3,8.25,0.00245057711090962
5.6d,5.6,36,8.3,8.4,8.35,0.0017504122220783
5.6d,5.6,36,8.4,8.5,8.45,0.00070016488883132
5.6d,5.6,36,8.5,8.6,8.55,0.00070016488883132
5.6d,5.6,36,8.6,8.7,8.65,0.00070016488883132
5.6d,5.6,36,8.7,8.8,8.75,0.00035008244441566
5.6d,5.6,36,8.8,8.9,8.85,0
5.6d,5.6,36,8.9,9,8.95,0.00035008244441566
5.6d,5.6,36,9,9.1,9.05,0
5.6d,5.6,36,9.1,9.2,9.15,0
5.6d,5.6,36,9.2,9.3,9.25,0
5.6d,5.6,36,9.3,9.4,9.35,0
5.6d,5.6,36,9.4,9.5,9.45,0
5.6d,5.6,36,9.5,9.6,9.55,0
5.6d,5.6,36,9.6,9.7,9.65,0
5.6d,5.6,36,9.7,9.8,9.75,0
5.6d,5.6,36,9.8,9.9,9.85,0
5.6d,5.6,36,9.9,10,9.95,0
5.6d,5.6,36,10,10.1,10.05,0
5.6d,5.6,36,10.1,10.2,10.15,0
5.6d,5.6,36,10.2,10.3,10.25,0
5.6d,5.6,36,10.3,10.4,10.35,0
5.6d,5.6,36,10.4,10.5,10.45,0
5.6d,5.6,36,10.5,10.6,10.55,0
5.6d,5.6,36,10.6,10.7,10.65,0
5.6d,5.6,36,10.7,10.8,10.75,0
5.6d,5.6,36,10.8,10.9,10.85,0
5.6d,5.6,36,10.9,11,10.95,0
5.6d,5.6,36,11,11.1,11.05,0
5.6d,5.6,36,11.1,11.2,11.15,0
5.6d,5.6,36,11.2,11.3,11.25,0
5.6d,5.6,36,11.3,11.4,11.35,0
5.6d,5.6,36,11.4,11.5,11.45,0
5.6d,5.6,36,11.5,11.6,11.55,0
5.6d,5.6,36,11.6,11.7,11.65,0
5.6d,5.6,36,11.7,11.8,11.75,0
5.6d,5.6,36,11.8,11.9,11.85,0
5.6d,5.6,36,11.9,12,11.95,0
5.25d,5.25,43.75,0,0.1,0.05,0
5.25d,5.25,43.75,0.1,0.2,0.15,0.00211000734282555
5.25d,5.25,43.75,0.2,0.3,0.25,0.00970603377699754
5.25d,5.25,43.75,0.3,0.4,0.35,0.0240540837082113
5.25d,5.25,43.75,0.4,0.5,0.45,0.0426221483250762
5.25d,5.25,43.75,0.5,0.6,0.55,0.0531721850392039
5.25d,5.25,43.75,0.6,0.7,0.65,0.0721622511246339
5.25d,5.25,43.75,0.7,0.8,0.75,0.0962163348328452
5.25d,5.25,43.75,0.8,0.9,0.85,0.139682486095052
5.25d,5.25,43.75,0.9,1,0.95,0.193698674071386
5.25d,5.25,43.75,1,1.1,1.05,0.260374906104673
5.25d,5.25,43.75,1.1,1.2,1.15,0.352793227720432
5.25d,5.25,43.75,1.2,1.3,1.25,0.425377480313631
5.25d,5.25,43.75,1.3,1.4,1.35,0.524125823957867
5.25d,5.25,43.75,1.4,1.5,1.45,0.659588295367268
5.25d,5.25,43.75,1.5,1.6,1.55,0.766354666914241
5.25d,5.25,43.75,1.6,1.7,1.65,0.922495210283332
5.25d,5.25,43.75,1.7,1.8,1.75,1.13898196365723
5.25d,5.25,43.75,1.8,1.9,1.85,1.31326857017462
5.25d,5.25,43.75,1.9,2,1.95,1.56140543369091
5.25d,5.25,43.75,2,2.1,2.05,1.69813390950601
5.25d,5.25,43.75,2.1,2.2,2.15,1.93783074365099
5.25d,5.25,43.75,2.2,2.3,2.25,2.18132559101306
5.25d,5.25,43.75,2.3,2.4,2.35,2.38557430179857
5.25d,5.25,43.75,2.4,2.5,2.45,2.62400513153786
5.25d,5.25,43.75,2.5,2.6,2.55,2.77001763966139
5.25d,5.25,43.75,2.6,2.7,2.65,3.0384105736688
5.25d,5.25,43.75,2.7,2.8,2.75,3.14095693053012
5.25d,5.25,43.75,2.8,2.9,2.85,3.41314787775461
5.25d,5.25,43.75,2.9,3,2.95,3.48742013622207
5.25d,5.25,43.75,3,3.1,3.05,3.62203860469434
5.25d,5.25,43.75,3.1,3.2,3.15,3.71065891309302
5.25d,5.25,43.75,3.2,3.3,3.25,3.80223323177165
5.25d,5.25,43.75,3.3,3.4,3.35,3.74568503498392
5.25d,5.25,43.75,3.4,3.5,3.45,3.79505920680604
5.25d,5.25,43.75,3.5,3.6,3.55,3.79843521855456
5.25d,5.25,43.75,3.6,3.7,3.65,3.7157229307158
5.25d,5.25,43.75,3.7,3.8,3.75,3.69251284994472
5.25d,5.25,43.75,3.8,3.9,3.85,3.49881417587333
5.25d,5.25,43.75,3.9,4,3.95,3.45999004076534
5.25d,5.25,43.75,4,4.1,4.05,3.31271152823612
5.25d,5.25,43.75,4.1,4.2,4.15,3.1084628174506
5.25d,5.25,43.75,4.2,4.3,4.25,2.90716811694505
5.25d,5.25,43.75,4.3,4.4,4.35,2.81010777917507
5.25d,5.25,43.75,4.4,4.5,4.45,2.53285281432779
5.25d,5.25,43.75,4.5,4.6,4.55,2.40667437522683
5.25d,5.25,43.75,4.6,4.7,4.65,2.19989365562992
5.25d,5.25,43.75,4.7,4.8,4.75,1.4006228741676
5.25d,5.25,43.75,4.8,4.9,4.85,0.928825232311808
5.25d,5.25,43.75,4.9,5,4.95,0.765510663977111
5.25d,5.25,43.75,5,5.1,5.05,0.718246499497818
5.25d,5.25,43.75,5.1,5.2,5.15,0.634268207253361
5.25d,5.25,43.75,5.2,5.3,5.25,0.563371960534423
5.25d,5.25,43.75,5.3,5.4,5.35,0.498805735843961
5.25d,5.25,43.75,5.4,5.5,5.45,0.424955478845066
5.25d,5.25,43.75,5.5,5.6,5.55,0.362921262965995
5.25d,5.25,43.75,5.6,5.7,5.65,0.317767105829528
5.25d,5.25,43.75,5.7,5.8,5.75,0.283162985407189
5.25d,5.25,43.75,5.8,5.9,5.85,0.254044884076197
5.25d,5.25,43.75,5.9,6,5.95,0.203404707848383
5.25d,5.25,43.75,6,6.1,6.05,0.183992640294388
5.25d,5.25,43.75,6.1,6.2,6.15,0.144324502249268
5.25d,5.25,43.75,6.2,6.3,6.25,0.139682486095052
5.25d,5.25,43.75,6.3,6.4,6.35,0.131664458192315
5.25d,5.25,43.75,6.4,6.5,6.45,0.103812361267017
5.25d,5.25,43.75,6.5,6.6,6.55,0.0886203083986732
5.25d,5.25,43.75,6.6,6.7,6.65,0.0835562907758919
5.25d,5.25,43.75,6.7,6.8,6.75,0.0683642379075479
5.25d,5.25,43.75,6.8,6.9,6.85,0.0561261953191597
5.25d,5.25,43.75,6.9,7,6.95,0.0510621776963784
5.25d,5.25,43.75,7,7.1,7.05,0.0400901395136855
5.25d,5.25,43.75,7.1,7.2,7.15,0.0417781453879459
5.25d,5.25,43.75,7.2,7.3,7.25,0.0337601174852089
5.25d,5.25,43.75,7.3,7.4,7.35,0.0232100807710811
5.25d,5.25,43.75,7.4,7.5,7.45,0.0232100807710811
5.25d,5.25,43.75,7.5,7.6,7.55,0.0164580572740393
5.25d,5.25,43.75,7.6,7.7,7.65,0.0156140543369091
5.25d,5.25,43.75,7.7,7.8,7.75,0.0143480499312138
5.25d,5.25,43.75,7.8,7.9,7.85,0.00844002937130221
5.25d,5.25,43.75,7.9,8,7.95,0.00886203083986732
5.25d,5.25,43.75,8,8.1,8.05,0.00506401762278133
5.25d,5.25,43.75,8.1,8.2,8.15,0.00337601174852088
5.25d,5.25,43.75,8.2,8.3,8.25,0.00126600440569533
5.25d,5.25,43.75,8.3,8.4,8.35,0.00126600440569533
5.25d,5.25,43.75,8.4,8.5,8.45,0.000844002937130221
5.25d,5.25,43.75,8.5,8.6,8.55,0.000422001468565111
5.25d,5.25,43.75,8.6,8.7,8.65,0.000844002937130221
5.25d,5.25,43.75,8.7,8.8,8.75,0
5.25d,5.25,43.75,8.8,8.9,8.85,0
5.25d,5.25,43.75,8.9,9,8.95,0
5.25d,5.25,43.75,9,9.1,9.05,0
5.25d,5.25,43.75,9.1,9.2,9.15,0
5.25d,5.25,43.75,9.2,9.3,9.25,0
5.25d,5.25,43.75,9.3,9.4,9.35,0
5.25d,5.25,43.75,9.4,9.5,9.45,0
5.25d,5.25,43.75,9.5,9.6,9.55,0
5.25d,5.25,43.75,9.6,9.7,9.65,0
5.25d,5.25,43.75,9.7,9.8,9.75,0
5.25d,5.25,43.75,9.8,9.9,9.85,0
5.25d,5.25,43.75,9.9,10,9.95,0
5.25d,5.25,43.75,10,10.1,10.05,0
5.25d,5.25,43.75,10.1,10.2,10.15,0
5.25d,5.25,43.75,10.2,10.3,10.25,0
5.25d,5.25,43.75,10.3,10.4,10.35,0
5.25d,5.25,43.75,10.4,10.5,10.45,0
5.25d,5.25,43.75,10.5,10.6,10.55,0
5.25d,5.25,43.75,10.6,10.7,10.65,0
5.25d,5.25,43.75,10.7,10.8,10.75,0
5.25d,5.25,43.75,10.8,10.9,10.85,0
5.25d,5.25,43.75,10.9,11,10.95,0
5.25d,5.25,43.75,11,11.1,11.05,0
5.25d,5.25,43.75,11.1,11.2,11.15,0
5.25d,5.25,43.75,11.2,11.3,11.25,0
5.25d,5.25,43.75,11.3,11.4,11.35,0
5.25d,5.25,43.75,11.4,11.5,11.45,0
5.25d,5.25,43.75,11.5,11.6,11.55,0
5.25d,5.25,43.75,11.6,11.7,11.65,0
5.25d,5.25,43.75,11.7,11.8,11.75,0
5.25d,5.25,43.75,11.8,11.9,11.85,0
5.25d,5.25,43.75,11.9,12,11.95,0
5d,5,48.98,0,0.1,0.05,0.000387914146841021
5d,5,48.98,0.1,0.2,0.15,0.00271539902788715
5d,5,48.98,0.2,0.3,0.25,0.0116374244052306
5d,5,48.98,0.3,0.4,0.35,0.0228869346636202
5d,5,48.98,0.4,0.5,0.45,0.036463929803056
5d,5,48.98,0.5,0.6,0.55,0.0581871220261532
5d,5,48.98,0.6,0.7,0.65,0.0779707435150453
5d,5,48.98,0.7,0.8,0.75,0.11792590063967
5d,5,48.98,0.8,0.9,0.85,0.147795289946429
5d,5,48.98,0.9,1,0.95,0.173009709491095
5d,5,48.98,1,1.1,1.05,0.283565241340786
5d,5,48.98,1.1,1.2,1.15,0.335545737017483
5d,5,48.98,1.2,1.3,1.25,0.452695809363472
5d,5,48.98,1.3,1.4,1.35,0.556268886570024
5d,5,48.98,1.4,1.5,1.45,0.751777616577899
5d,5,48.98,1.5,1.6,1.55,0.901900391405374
5d,5,48.98,1.6,1.7,1.65,1.05202316623285
5d,5,48.98,1.7,1.8,1.75,1.21921416352133
5d,5,48.98,1.8,1.9,1.85,1.43295485843073
5d,5,48.98,1.9,2,1.95,1.65561757871748
5d,5,48.98,2,2.1,2.05,1.91707171368833
5d,5,48.98,2.1,2.2,2.15,2.10521007490622
5d,5,48.98,2.2,2.3,2.25,2.32670905275244
5d,5,48.98,2.3,2.4,2.35,2.5012704188309
5d,5,48.98,2.4,2.5,2.45,2.67854718393725
5d,5,48.98,2.5,2.6,2.55,2.91284732862923
5d,5,48.98,2.6,2.7,2.65,3.11262311425235
5d,5,48.98,2.7,2.8,2.75,3.28563282374345
5d,5,48.98,2.8,2.9,2.85,3.49433063474392
5d,5,48.98,2.9,3,2.95,3.54126824651168
5d,5,48.98,3,3.1,3.05,3.67703819790604
5d,5,48.98,3.1,3.2,3.15,3.77983544681891
5d,5,48.98,3.2,3.3,3.25,3.69061519304548
5d,5,48.98,3.3,3.4,3.35,3.79418827025203
5d,5,48.98,3.4,3.5,3.45,3.72087249649907
5d,5,48.98,3.5,3.6,3.55,3.73638906237272
5d,5,48.98,3.6,3.7,3.65,3.62001481832041
5d,5,48.98,3.7,3.8,3.75,3.49045149327551
5d,5,48.98,3.8,3.9,3.85,3.4497205078572
5d,5,48.98,3.9,4,3.95,3.27244374275085
5d,5,48.98,4,4.1,4.05,3.14249250355911
5d,5,48.98,4.1,4.2,4.15,2.94892334428544
5d,5,48.98,4.2,4.3,4.25,2.8104379938632
5d,5,48.98,4.3,4.4,4.35,2.53851017692764
5d,5,48.98,4.4,4.5,4.45,2.37791372013546
5d,5,48.98,4.5,4.6,4.55,2.25378119314633
5d,5,48.98,4.6,4.7,4.65,2.09783970611624
5d,5,48.98,4.7,4.8,4.75,1.30610693241372
5d,5,48.98,4.8,4.9,4.85,0.917416957279015
5d,5,48.98,4.9,5,4.95,0.835179158148719
5d,5,48.98,5,5.1,5.05,0.721132398977458
5d,5,48.98,5.1,5.2,5.15,0.606697725659357
5d,5,48.98,5.2,5.3,5.25,0.532218209465881
5d,5,48.98,5.3,5.4,5.35,0.484892683551276
5d,5,48.98,5.4,5.5,5.45,0.422438505909872
5d,5,48.98,5.5,5.6,5.55,0.370458010233175
5d,5,48.98,5.6,5.7,5.65,0.323908312612253
5d,5,48.98,5.7,5.8,5.75,0.271539902788715
5d,5,48.98,5.8,5.9,5.85,0.231196831517249
5d,5,48.98,5.9,6,5.95,0.205982411972582
5d,5,48.98,6,6.1,6.05,0.16719099728848
5d,5,48.98,6.1,6.2,6.15,0.164087684113752
5d,5,48.98,6.2,6.3,6.25,0.130727067485424
5d,5,48.98,6.3,6.4,6.35,0.107452218674963
5d,5,48.98,6.4,6.5,6.45,0.0942631376823681
5d,5,48.98,6.5,6.6,6.55,0.0946510518292092
5d,5,48.98,6.6,6.7,6.65,0.0725399454592709
5d,5,48.98,6.7,6.8,6.75,0.0655574908161326
5d,5,48.98,6.8,6.9,6.85,0.0508167532361738
5d,5,48.98,6.9,7,6.95,0.0438342985930354
5d,5,48.98,7,7.1,7.05,0.0403430712714662
5d,5,48.98,7.1,7.2,7.15,0.0321968741878048
5d,5,48.98,7.2,7.3,7.25,0.0283177327193945
5d,5,48.98,7.3,7.4,7.35,0.0205594497825741
5d,5,48.98,7.4,7.5,7.45,0.0228869346636202
5d,5,48.98,7.5,7.6,7.55,0.0139649092862768
5d,5,48.98,7.6,7.7,7.65,0.0128011668457537
5d,5,48.98,7.7,7.8,7.75,0.0120253385520717
5d,5,48.98,7.8,7.9,7.85,0.00930993952418451
5d,5,48.98,7.9,8,7.95,0.00775828293682042
5d,5,48.98,8,8.1,8.05,0.00504288390893327
5d,5,48.98,8.1,8.2,8.15,0.00349122732156919
5d,5,48.98,8.2,8.3,8.25,0.000387914146841021
5d,5,48.98,8.3,8.4,8.35,0
5d,5,48.98,8.4,8.5,8.45,0.000775828293682042
5d,5,48.98,8.5,8.6,8.55,0.000775828293682042
5d,5,48.98,8.6,8.7,8.65,0.000387914146841021
5d,5,48.98,8.7,8.8,8.75,0.000387914146841021
5d,5,48.98,8.8,8.9,8.85,0.000387914146841021
5d,5,48.98,8.9,9,8.95,0.000387914146841021
5d,5,48.98,9,9.1,9.05,0
5d,5,48.98,9.1,9.2,9.15,0
5d,5,48.98,9.2,9.3,9.25,0
5d,5,48.98,9.3,9.4,9.35,0
5d,5,48.98,9.4,9.5,9.45,0
5d,5,48.98,9.5,9.6,9.55,0
5d,5,48.98,9.6,9.7,9.65,0
5d,5,48.98,9.7,9.8,9.75,0
5d,5,48.98,9.8,9.9,9.85,0
5d,5,48.98,9.9,10,9.95,0
5d,5,48.98,10,10.1,10.05,0
5d,5,48.98,10.1,10.2,10.15,0
5d,5,48.98,10.2,10.3,10.25,0
5d,5,48.98,10.3,10.4,10.35,0
5d,5,48.98,10.4,10.5,10.45,0
5d,5,48.98,10.5,10.6,10.55,0
5d,5,48.98,10.6,10.7,10.65,0
5d,5,48.98,10.7,10.8,10.75,0
5d,5,48.98,10.8,10.9,10.85,0
5d,5,48.98,10.9,11,10.95,0
5d,5,48.98,11,11.1,11.05,0
5d,5,48.98,11.1,11.2,11.15,0
5d,5,48.98,11.2,11.3,11.25,0
5d,5,48.98,11.3,11.4,11.35,0
5d,5,48.98,11.4,11.5,11.45,0
5d,5,48.98,11.5,11.6,11.55,0
5d,5,48.98,11.6,11.7,11.65,0
5d,5,48.98,11.7,11.8,11.75,0
5d,5,48.98,11.8,11.9,11.85,0
5d,5,48.98,11.9,12,11.95,0
