sample,diameter_mm,cold_reduction_percent,variant,family,display_name,bin_left,bin_right,bin_center,area_weighted_frequency_percent
7d,7,0,denoised,basal_a,Basal <a>,0,0.02,0.01,7.36330795990385
7d,7,0,denoised,basal_a,Basal <a>,0.02,0.04,0.03,7.35801602620343
7d,7,0,denoised,basal_a,Basal <a>,0.04,0.06,0.05,7.19619426410091
7d,7,0,denoised,basal_a,Basal <a>,0.06,0.08,0.07,6.30492121981857
7d,7,0,denoised,basal_a,Basal <a>,0.08,0.1,0.09,7.28922088809789
7d,7,0,denoised,basal_a,Basal <a>,0.1,0.12,0.11,6.8959466573083
7d,7,0,denoised,basal_a,Basal <a>,0.12,0.14,0.13,5.72252998994533
7d,7,0,denoised,basal_a,Basal <a>,0.14,0.16,0.15,5.48857081582121
7d,7,0,denoised,basal_a,Basal <a>,0.16,0.18,0.17,5.21645401448876
7d,7,0,denoised,basal_a,Basal <a>,0.18,0.2,0.19,5.81388547698427
7d,7,0,denoised,basal_a,Basal <a>,0.2,0.22,0.21,3.74696758272824
7d,7,0,denoised,basal_a,Basal <a>,0.22,0.24,0.23,4.84211933589017
7d,7,0,denoised,basal_a,Basal <a>,0.24,0.26,0.25,4.27281867885483
7d,7,0,denoised,basal_a,Basal <a>,0.26,0.28,0.27,4.09317145586666
7d,7,0,denoised,basal_a,Basal <a>,0.28,0.3,0.29,3.43279383461871
7d,7,0,denoised,basal_a,Basal <a>,0.3,0.32,0.31,3.19855613766826
7d,7,0,denoised,basal_a,Basal <a>,0.32,0.34,0.33,2.02263276486824
7d,7,0,denoised,basal_a,Basal <a>,0.34,0.36,0.35,2.78160746663993
7d,7,0,denoised,basal_a,Basal <a>,0.36,0.38,0.37,1.92877057239226
7d,7,0,denoised,basal_a,Basal <a>,0.38,0.4,0.39,1.45778847305431
7d,7,0,denoised,basal_a,Basal <a>,0.4,0.42,0.41,1.17620189562636
7d,7,0,denoised,basal_a,Basal <a>,0.42,0.44,0.43,0.595203279884803
7d,7,0,denoised,basal_a,Basal <a>,0.44,0.46,0.45,0.890158952976991
7d,7,0,denoised,basal_a,Basal <a>,0.46,0.48,0.47,0.51693836568376
7d,7,0,denoised,basal_a,Basal <a>,0.48,0.5,0.49,0.395223890573952
7d,7,0,denoised,prismatic_a,Prismatic <a>,0,0.02,0.01,0
7d,7,0,denoised,prismatic_a,Prismatic <a>,0.02,0.04,0.03,0
7d,7,0,denoised,prismatic_a,Prismatic <a>,0.04,0.06,0.05,0
7d,7,0,denoised,prismatic_a,Prismatic <a>,0.06,0.08,0.07,0
7d,7,0,denoised,prismatic_a,Prismatic <a>,0.08,0.1,0.09,0.0130905728378969
7d,7,0,denoised,prismatic_a,Prismatic <a>,0.1,0.12,0.11,0.0292448967655144
7d,7,0,denoised,prismatic_a,Prismatic <a>,0.12,0.14,0.13,0
7d,7,0,denoised,prismatic_a,Prismatic <a>,0.14,0.16,0.15,0.0782649142010434
7d,7,0,denoised,prismatic_a,Prismatic <a>,0.16,0.18,0.17,0.00529193370042642
7d,7,0,denoised,prismatic_a,Prismatic <a>,0.18,0.2,0.19,0
7d,7,0,denoised,prismatic_a,Prismatic <a>,0.2,0.22,0.21,0.0843924163804845
7d,7,0,denoised,prismatic_a,Prismatic <a>,0.22,0.24,0.23,0.178533131682807
7d,7,0,denoised,prismatic_a,Prismatic <a>,0.24,0.26,0.25,0.210563256711704
7d,7,0,denoised,prismatic_a,Prismatic <a>,0.26,0.28,0.27,0.181039837119851
7d,7,0,denoised,prismatic_a,Prismatic <a>,0.28,0.3,0.29,0.192459272999719
7d,7,0,denoised,prismatic_a,Prismatic <a>,0.3,0.32,0.31,0.489921651528951
7d,7,0,denoised,prismatic_a,Prismatic <a>,0.32,0.34,0.33,0.6651125092957
7d,7,0,denoised,prismatic_a,Prismatic <a>,0.34,0.36,0.35,1.01048081395511
7d,7,0,denoised,prismatic_a,Prismatic <a>,0.36,0.38,0.37,2.01901196812585
7d,7,0,denoised,prismatic_a,Prismatic <a>,0.38,0.4,0.39,3.76813531752995
7d,7,0,denoised,prismatic_a,Prismatic <a>,0.4,0.42,0.41,6.19880402298371
7d,7,0,denoised,prismatic_a,Prismatic <a>,0.42,0.44,0.43,13.3370655392063
7d,7,0,denoised,prismatic_a,Prismatic <a>,0.44,0.46,0.45,22.0918735394959
7d,7,0,denoised,prismatic_a,Prismatic <a>,0.46,0.48,0.47,23.8215002910563
7d,7,0,denoised,prismatic_a,Prismatic <a>,0.48,0.5,0.49,25.6252141144228
7d,7,0,denoised,pyramidal_ca,Pyramidal <c+a>,0,0.02,0.01,0
7d,7,0,denoised,pyramidal_ca,Pyramidal <c+a>,0.02,0.04,0.03,0
7d,7,0,denoised,pyramidal_ca,Pyramidal <c+a>,0.04,0.06,0.05,0
7d,7,0,denoised,pyramidal_ca,Pyramidal <c+a>,0.06,0.08,0.07,0
7d,7,0,denoised,pyramidal_ca,Pyramidal <c+a>,0.08,0.1,0.09,0
7d,7,0,denoised,pyramidal_ca,Pyramidal <c+a>,0.1,0.12,0.11,0
7d,7,0,denoised,pyramidal_ca,Pyramidal <c+a>,0.12,0.14,0.13,0
7d,7,0,denoised,pyramidal_ca,Pyramidal <c+a>,0.14,0.16,0.15,0
7d,7,0,denoised,pyramidal_ca,Pyramidal <c+a>,0.16,0.18,0.17,0
7d,7,0,denoised,pyramidal_ca,Pyramidal <c+a>,0.18,0.2,0.19,0
7d,7,0,denoised,pyramidal_ca,Pyramidal <c+a>,0.2,0.22,0.21,0
7d,7,0,denoised,pyramidal_ca,Pyramidal <c+a>,0.22,0.24,0.23,0
7d,7,0,denoised,pyramidal_ca,Pyramidal <c+a>,0.24,0.26,0.25,0
7d,7,0,denoised,pyramidal_ca,Pyramidal <c+a>,0.26,0.28,0.27,0
7d,7,0,denoised,pyramidal_ca,Pyramidal <c+a>,0.28,0.3,0.29,0.00696307065845581
7d,7,0,denoised,pyramidal_ca,Pyramidal <c+a>,0.3,0.32,0.31,0.0548689967886318
7d,7,0,denoised,pyramidal_ca,Pyramidal <c+a>,0.32,0.34,0.33,0.127284931636572
7d,7,0,denoised,pyramidal_ca,Pyramidal <c+a>,0.34,0.36,0.35,0.608015329896362
7d,7,0,denoised,pyramidal_ca,Pyramidal <c+a>,0.36,0.38,0.37,0.440623111267084
7d,7,0,denoised,pyramidal_ca,Pyramidal <c+a>,0.38,0.4,0.39,0.686837289750082
7d,7,0,denoised,pyramidal_ca,Pyramidal <c+a>,0.4,0.42,0.41,2.8484529449611
7d,7,0,denoised,pyramidal_ca,Pyramidal <c+a>,0.42,0.44,0.43,12.4432857894869
7d,7,0,denoised,pyramidal_ca,Pyramidal <c+a>,0.44,0.46,0.45,23.8270707475831
7d,7,0,denoised,pyramidal_ca,Pyramidal <c+a>,0.46,0.48,0.47,27.0827240646507
7d,7,0,denoised,pyramidal_ca,Pyramidal <c+a>,0.48,0.5,0.49,31.873873723321
6.48d,6.48,14.31,denoised,basal_a,Basal <a>,0,0.02,0.01,7.59500746381529
6.48d,6.48,14.31,denoised,basal_a,Basal <a>,0.02,0.04,0.03,6.44682935811188
6.48d,6.48,14.31,denoised,basal_a,Basal <a>,0.04,0.06,0.05,7.39378037312499
6.48d,6.48,14.31,denoised,basal_a,Basal <a>,0.06,0.08,0.07,5.91153899268085
6.48d,6.48,14.31,denoised,basal_a,Basal <a>,0.08,0.1,0.09,7.10180381016262
6.48d,6.48,14.31,denoised,basal_a,Basal <a>,0.1,0.12,0.11,6.51686427693056
6.48d,6.48,14.31,denoised,basal_a,Basal <a>,0.12,0.14,0.13,7.42666061670185
6.48d,6.48,14.31,denoised,basal_a,Basal <a>,0.14,0.16,0.15,6.60432572484497
6.48d,6.48,14.31,denoised,basal_a,Basal <a>,0.16,0.18,0.17,5.6047663201089
6.48d,6.48,14.31,denoised,basal_a,Basal <a>,0.18,0.2,0.19,5.44661234850427
6.48d,6.48,14.31,denoised,basal_a,Basal <a>,0.2,0.22,0.21,4.95735432408083
6.48d,6.48,14.31,denoised,basal_a,Basal <a>,0.22,0.24,0.23,5.96579139458265
6.48d,6.48,14.31,denoised,basal_a,Basal <a>,0.24,0.26,0.25,4.63742955407813
6.48d,6.48,14.31,denoised,basal_a,Basal <a>,0.26,0.28,0.27,3.69409536585847
6.48d,6.48,14.31,denoised,basal_a,Basal <a>,0.28,0.3,0.29,3.25810333602952
6.48d,6.48,14.31,denoised,basal_a,Basal <a>,0.3,0.32,0.31,3.87427910065958
6.48d,6.48,14.31,denoised,basal_a,Basal <a>,0.32,0.34,0.33,2.4716079096714
6.48d,6.48,14.31,denoised,basal_a,Basal <a>,0.34,0.36,0.35,2.15990320056291
6.48d,6.48,14.31,denoised,basal_a,Basal <a>,0.36,0.38,0.37,0.894342625290169
6.48d,6.48,14.31,denoised,basal_a,Basal <a>,0.38,0.4,0.39,0.691800324856807
6.48d,6.48,14.31,denoised,basal_a,Basal <a>,0.4,0.42,0.41,0.478407544043086
6.48d,6.48,14.31,denoised,basal_a,Basal <a>,0.42,0.44,0.43,0.344913755121098
6.48d,6.48,14.31,denoised,basal_a,Basal <a>,0.44,0.46,0.45,0.195966251717993
6.48d,6.48,14.31,denoised,basal_a,Basal <a>,0.46,0.48,0.47,0.159469181347695
6.48d,6.48,14.31,denoised,basal_a,Basal <a>,0.48,0.5,0.49,0.168346847113443
6.48d,6.48,14.31,denoised,prismatic_a,Prismatic <a>,0,0.02,0.01,0
6.48d,6.48,14.31,denoised,prismatic_a,Prismatic <a>,0.02,0.04,0.03,0
6.48d,6.48,14.31,denoised,prismatic_a,Prismatic <a>,0.04,0.06,0.05,0
6.48d,6.48,14.31,denoised,prismatic_a,Prismatic <a>,0.06,0.08,0.07,0.00854886332997955
6.48d,6.48,14.31,denoised,prismatic_a,Prismatic <a>,0.08,0.1,0.09,0.002959221921916
6.48d,6.48,14.31,denoised,prismatic_a,Prismatic <a>,0.1,0.12,0.11,0.0542524019017933
6.48d,6.48,14.31,denoised,prismatic_a,Prismatic <a>,0.12,0.14,0.13,0.00493203653652666
6.48d,6.48,14.31,denoised,prismatic_a,Prismatic <a>,0.14,0.16,0.15,0
6.48d,6.48,14.31,denoised,prismatic_a,Prismatic <a>,0.16,0.18,0.17,0.0144673071738115
6.48d,6.48,14.31,denoised,prismatic_a,Prismatic <a>,0.18,0.2,0.19,0.0614860554886991
6.48d,6.48,14.31,denoised,prismatic_a,Prismatic <a>,0.2,0.22,0.21,0.0240025778110964
6.48d,6.48,14.31,denoised,prismatic_a,Prismatic <a>,0.22,0.24,0.23,0
6.48d,6.48,14.31,denoised,prismatic_a,Prismatic <a>,0.24,0.26,0.25,0.155523552118474
6.48d,6.48,14.31,denoised,prismatic_a,Prismatic <a>,0.26,0.28,0.27,0.00789125845844266
6.48d,6.48,14.31,denoised,prismatic_a,Prismatic <a>,0.28,0.3,0.29,0.0789125845844266
6.48d,6.48,14.31,denoised,prismatic_a,Prismatic <a>,0.3,0.32,0.31,0.110806420853966
6.48d,6.48,14.31,denoised,prismatic_a,Prismatic <a>,0.32,0.34,0.33,0.28737332886162
6.48d,6.48,14.31,denoised,prismatic_a,Prismatic <a>,0.34,0.36,0.35,0.28737332886162
6.48d,6.48,14.31,denoised,prismatic_a,Prismatic <a>,0.36,0.38,0.37,1.70089500023016
6.48d,6.48,14.31,denoised,prismatic_a,Prismatic <a>,0.38,0.4,0.39,2.96448276088829
6.48d,6.48,14.31,denoised,prismatic_a,Prismatic <a>,0.4,0.42,0.41,6.395536178132
6.48d,6.48,14.31,denoised,prismatic_a,Prismatic <a>,0.42,0.44,0.43,15.5806322213235
6.48d,6.48,14.31,denoised,prismatic_a,Prismatic <a>,0.44,0.46,0.45,24.2182722089605
6.48d,6.48,14.31,denoised,prismatic_a,Prismatic <a>,0.46,0.48,0.47,24.0732703347867
6.48d,6.48,14.31,denoised,prismatic_a,Prismatic <a>,0.48,0.5,0.49,23.9683823577765
6.48d,6.48,14.31,denoised,pyramidal_ca,Pyramidal <c+a>,0,0.02,0.01,0
6.48d,6.48,14.31,denoised,pyramidal_ca,Pyramidal <c+a>,0.02,0.04,0.03,0
6.48d,6.48,14.31,denoised,pyramidal_ca,Pyramidal <c+a>,0.04,0.06,0.05,0
6.48d,6.48,14.31,denoised,pyramidal_ca,Pyramidal <c+a>,0.06,0.08,0.07,0
6.48d,6.48,14.31,denoised,pyramidal_ca,Pyramidal <c+a>,0.08,0.1,0.09,0
6.48d,6.48,14.31,denoised,pyramidal_ca,Pyramidal <c+a>,0.1,0.12,0.11,0
6.48d,6.48,14.31,denoised,pyramidal_ca,Pyramidal <c+a>,0.12,0.14,0.13,0
6.48d,6.48,14.31,denoised,pyramidal_ca,Pyramidal <c+a>,0.14,0.16,0.15,0
6.48d,6.48,14.31,denoised,pyramidal_ca,Pyramidal <c+a>,0.16,0.18,0.17,0
6.48d,6.48,14.31,denoised,pyramidal_ca,Pyramidal <c+a>,0.18,0.2,0.19,0
6.48d,6.48,14.31,denoised,pyramidal_ca,Pyramidal <c+a>,0.2,0.22,0.21,0
6.48d,6.48,14.31,denoised,pyramidal_ca,Pyramidal <c+a>,0.22,0.24,0.23,0
6.48d,6.48,14.31,denoised,pyramidal_ca,Pyramidal <c+a>,0.24,0.26,0.25,0
6.48d,6.48,14.31,denoised,pyramidal_ca,Pyramidal <c+a>,0.26,0.28,0.27,0
6.48d,6.48,14.31,denoised,pyramidal_ca,Pyramidal <c+a>,0.28,0.3,0.29,0.002959221921916
6.48d,6.48,14.31,denoised,pyramidal_ca,Pyramidal <c+a>,0.3,0.32,0.31,0.00953527063728488
6.48d,6.48,14.31,denoised,pyramidal_ca,Pyramidal <c+a>,0.32,0.34,0.33,0.191691820053003
6.48d,6.48,14.31,denoised,pyramidal_ca,Pyramidal <c+a>,0.34,0.36,0.35,0.041429106906824
6.48d,6.48,14.31,denoised,pyramidal_ca,Pyramidal <c+a>,0.36,0.38,0.37,0.291318958090841
6.48d,6.48,14.31,denoised,pyramidal_ca,Pyramidal <c+a>,0.38,0.4,0.39,0.128232949949693
6.48d,6.48,14.31,denoised,pyramidal_ca,Pyramidal <c+a>,0.4,0.42,0.41,2.44957814647491
6.48d,6.48,14.31,denoised,pyramidal_ca,Pyramidal <c+a>,0.42,0.44,0.43,11.7211492302735
6.48d,6.48,14.31,denoised,pyramidal_ca,Pyramidal <c+a>,0.44,0.46,0.45,20.2742869919181
6.48d,6.48,14.31,denoised,pyramidal_ca,Pyramidal <c+a>,0.46,0.48,0.47,28.099784963207
6.48d,6.48,14.31,denoised,pyramidal_ca,Pyramidal <c+a>,0.48,0.5,0.49,36.7900333405668
6.02d,6.02,26.04,denoised,basal_a,Basal <a>,0,0.02,0.01,7.01178602754527
6.02d,6.02,26.04,denoised,basal_a,Basal <a>,0.02,0.04,0.03,7.31500467607303
6.02d,6.02,26.04,denoised,basal_a,Basal <a>,0.04,0.06,0.05,7.30396798196953
6.02d,6.02,26.04,denoised,basal_a,Basal <a>,0.06,0.08,0.07,6.37456216272734
6.02d,6.02,26.04,denoised,basal_a,Basal <a>,0.08,0.1,0.09,7.06638861942575
6.02d,6.02,26.04,denoised,basal_a,Basal <a>,0.1,0.12,0.11,6.37688567727545
6.02d,6.02,26.04,denoised,basal_a,Basal <a>,0.12,0.14,0.13,7.13318966268378
6.02d,6.02,26.04,denoised,basal_a,Basal <a>,0.14,0.16,0.15,6.95398860316115
6.02d,6.02,26.04,denoised,basal_a,Basal <a>,0.16,0.18,0.17,6.85175396304451
6.02d,6.02,26.04,denoised,basal_a,Basal <a>,0.18,0.2,0.19,5.04928755235169
6.02d,6.02,26.04,denoised,basal_a,Basal <a>,0.2,0.22,0.21,5.11928342811337
6.02d,6.02,26.04,denoised,basal_a,Basal <a>,0.22,0.24,0.23,4.88315626216214
6.02d,6.02,26.04,denoised,basal_a,Basal <a>,0.24,0.26,0.25,4.29879235331362
6.02d,6.02,26.04,denoised,basal_a,Basal <a>,0.26,0.28,0.27,3.65430750553287
6.02d,6.02,26.04,denoised,basal_a,Basal <a>,0.28,0.3,0.29,3.49282324443954
6.02d,6.02,26.04,denoised,basal_a,Basal <a>,0.3,0.32,0.31,2.7231590503796
6.02d,6.02,26.04,denoised,basal_a,Basal <a>,0.32,0.34,0.33,2.20733882070019
6.02d,6.02,26.04,denoised,basal_a,Basal <a>,0.34,0.36,0.35,1.68919507647267
6.02d,6.02,26.04,denoised,basal_a,Basal <a>,0.36,0.38,0.37,0.924468350827462
6.02d,6.02,26.04,denoised,basal_a,Basal <a>,0.38,0.4,0.39,2.06357135803617
6.02d,6.02,26.04,denoised,basal_a,Basal <a>,0.4,0.42,0.41,0.725517417645931
6.02d,6.02,26.04,denoised,basal_a,Basal <a>,0.42,0.44,0.43,0.379313749978217
6.02d,6.02,26.04,denoised,basal_a,Basal <a>,0.44,0.46,0.45,0.27010856621726
6.02d,6.02,26.04,denoised,basal_a,Basal <a>,0.46,0.48,0.47,0.0755142228134276
6.02d,6.02,26.04,denoised,basal_a,Basal <a>,0.48,0.5,0.49,0.0566356671100707
6.02d,6.02,26.04,denoised,prismatic_a,Prismatic <a>,0,0.02,0.01,0
6.02d,6.02,26.04,denoised,prismatic_a,Prismatic <a>,0.02,0.04,0.03,0
6.02d,6.02,26.04,denoised,prismatic_a,Prismatic <a>,0.04,0.06,0.05,0
6.02d,6.02,26.04,denoised,prismatic_a,Prismatic <a>,0.06,0.08,0.07,0.0891648707835472
6.02d,6.02,26.04,denoised,prismatic_a,Prismatic <a>,0.08,0.1,0.09,0.00668010432580321
6.02d,6.02,26.04,denoised,prismatic_a,Prismatic <a>,0.1,0.12,0.11,0
6.02d,6.02,26.04,denoised,prismatic_a,Prismatic <a>,0.12,0.14,0.13,0.00435658977769775
6.02d,6.02,26.04,denoised,prismatic_a,Prismatic <a>,0.14,0.16,0.15,0.0168454804737646
6.02d,6.02,26.04,denoised,prismatic_a,Prismatic <a>,0.16,0.18,0.17,0
6.02d,6.02,26.04,denoised,prismatic_a,Prismatic <a>,0.18,0.2,0.19,0
6.02d,6.02,26.04,denoised,prismatic_a,Prismatic <a>,0.2,0.22,0.21,0.0017426359110791
6.02d,6.02,26.04,denoised,prismatic_a,Prismatic <a>,0.22,0.24,0.23,0.0235255847995678
6.02d,6.02,26.04,denoised,prismatic_a,Prismatic <a>,0.24,0.26,0.25,0.0299152498068578
6.02d,6.02,26.04,denoised,prismatic_a,Prismatic <a>,0.26,0.28,0.27,0.0479224875546752
6.02d,6.02,26.04,denoised,prismatic_a,Prismatic <a>,0.28,0.3,0.29,0.0354335968586083
6.02d,6.02,26.04,denoised,prismatic_a,Prismatic <a>,0.3,0.32,0.31,0.161193821774817
6.02d,6.02,26.04,denoised,prismatic_a,Prismatic <a>,0.32,0.34,0.33,0.488809373057687
6.02d,6.02,26.04,denoised,prismatic_a,Prismatic <a>,0.34,0.36,0.35,0.549220751308429
6.02d,6.02,26.04,denoised,prismatic_a,Prismatic <a>,0.36,0.38,0.37,1.25992576371019
6.02d,6.02,26.04,denoised,prismatic_a,Prismatic <a>,0.38,0.4,0.39,3.63833334301464
6.02d,6.02,26.04,denoised,prismatic_a,Prismatic <a>,0.4,0.42,0.41,5.51689485515791
6.02d,6.02,26.04,denoised,prismatic_a,Prismatic <a>,0.42,0.44,0.43,15.4711216185603
6.02d,6.02,26.04,denoised,prismatic_a,Prismatic <a>,0.44,0.46,0.45,21.688556109972
6.02d,6.02,26.04,denoised,prismatic_a,Prismatic <a>,0.46,0.48,0.47,23.979541454404
6.02d,6.02,26.04,denoised,prismatic_a,Prismatic <a>,0.48,0.5,0.49,26.9908163087486
6.02d,6.02,26.04,denoised,pyramidal_ca,Pyramidal <c+a>,0,0.02,0.01,0
6.02d,6.02,26.04,denoised,pyramidal_ca,Pyramidal <c+a>,0.02,0.04,0.03,0
6.02d,6.02,26.04,denoised,pyramidal_ca,Pyramidal <c+a>,0.04,0.06,0.05,0
6.02d,6.02,26.04,denoised,pyramidal_ca,Pyramidal <c+a>,0.06,0.08,0.07,0
6.02d,6.02,26.04,denoised,pyramidal_ca,Pyramidal <c+a>,0.08,0.1,0.09,0
6.02d,6.02,26.04,denoised,pyramidal_ca,Pyramidal <c+a>,0.1,0.12,0.11,0
6.02d,6.02,26.04,denoised,pyramidal_ca,Pyramidal <c+a>,0.12,0.14,0.13,0
6.02d,6.02,26.04,denoised,pyramidal_ca,Pyramidal <c+a>,0.14,0.16,0.15,0
6.02d,6.02,26.04,denoised,pyramidal_ca,Pyramidal <c+a>,0.16,0.18,0.17,0
6.02d,6.02,26.04,denoised,pyramidal_ca,Pyramidal <c+a>,0.18,0.2,0.19,0
6.02d,6.02,26.04,denoised,pyramidal_ca,Pyramidal <c+a>,0.2,0.22,0.21,0
6.02d,6.02,26.04,denoised,pyramidal_ca,Pyramidal <c+a>,0.22,0.24,0.23,0
6.02d,6.02,26.04,denoised,pyramidal_ca,Pyramidal <c+a>,0.24,0.26,0.25,0
6.02d,6.02,26.04,denoised,pyramidal_ca,Pyramidal <c+a>,0.26,0.28,0.27,0
6.02d,6.02,26.04,denoised,pyramidal_ca,Pyramidal <c+a>,0.28,0.3,0.29,0
6.02d,6.02,26.04,denoised,pyramidal_ca,Pyramidal <c+a>,0.3,0.32,0.31,0.00319483250364501
6.02d,6.02,26.04,denoised,pyramidal_ca,Pyramidal <c+a>,0.32,0.34,0.33,0
6.02d,6.02,26.04,denoised,pyramidal_ca,Pyramidal <c+a>,0.34,0.36,0.35,0.130407254012419
6.02d,6.02,26.04,denoised,pyramidal_ca,Pyramidal <c+a>,0.36,0.38,0.37,0.133311647197551
6.02d,6.02,26.04,denoised,pyramidal_ca,Pyramidal <c+a>,0.38,0.4,0.39,0.32935818719395
6.02d,6.02,26.04,denoised,pyramidal_ca,Pyramidal <c+a>,0.4,0.42,0.41,2.34733057222354
6.02d,6.02,26.04,denoised,pyramidal_ca,Pyramidal <c+a>,0.42,0.44,0.43,11.9338611583882
6.02d,6.02,26.04,denoised,pyramidal_ca,Pyramidal <c+a>,0.44,0.46,0.45,22.8508942626617
6.02d,6.02,26.04,denoised,pyramidal_ca,Pyramidal <c+a>,0.46,0.48,0.47,27.5345187130053
6.02d,6.02,26.04,denoised,pyramidal_ca,Pyramidal <c+a>,0.48,0.5,0.49,34.7371233728137
5.6d,5.6,36,denoised,basal_a,Basal <a>,0,0.02,0.01,6.03353616690306
5.6d,5.6,36,denoised,basal_a,Basal <a>,0.02,0.04,0.03,5.19970718762869
5.6d,5.6,36,denoised,basal_a,Basal <a>,0.04,0.06,0.05,6.7148587027802
5.6d,5.6,36,denoised,basal_a,Basal <a>,0.06,0.08,0.07,5.6511262600845
5.6d,5.6,36,denoised,basal_a,Basal <a>,0.08,0.1,0.09,6.5223193179912
5.6d,5.6,36,denoised,basal_a,Basal <a>,0.1,0.12,0.11,6.16011651492277
5.6d,5.6,36,denoised,basal_a,Basal <a>,0.12,0.14,0.13,7.18305348400972
5.6d,5.6,36,denoised,basal_a,Basal <a>,0.14,0.16,0.15,6.49296182763723
5.6d,5.6,36,denoised,basal_a,Basal <a>,0.16,0.18,0.17,7.41410074575652
5.6d,5.6,36,denoised,basal_a,Basal <a>,0.18,0.2,0.19,6.51278766527887
5.6d,5.6,36,denoised,basal_a,Basal <a>,0.2,0.22,0.21,5.78151926918913
5.6d,5.6,36,denoised,basal_a,Basal <a>,0.22,0.24,0.23,6.27602141190467
5.6d,5.6,36,denoised,basal_a,Basal <a>,0.24,0.26,0.25,4.59921306675208
5.6d,5.6,36,denoised,basal_a,Basal <a>,0.26,0.28,0.27,4.41734913300088
5.6d,5.6,36,denoised,basal_a,Basal <a>,0.28,0.3,0.29,5.10057799942049
5.6d,5.6,36,denoised,basal_a,Basal <a>,0.3,0.32,0.31,2.5857467478001
5.6d,5.6,36,denoised,basal_a,Basal <a>,0.32,0.34,0.33,2.64979945402693
5.6d,5.6,36,denoised,basal_a,Basal <a>,0.34,0.36,0.35,1.29973616385292
5.6d,5.6,36,denoised,basal_a,Basal <a>,0.36,0.38,0.37,1.36950786170716
5.6d,5.6,36,denoised,basal_a,Basal <a>,0.38,0.4,0.39,0.968797181680926
5.6d,5.6,36,denoised,basal_a,Basal <a>,0.4,0.42,0.41,0.318738466700218
5.6d,5.6,36,denoised,basal_a,Basal <a>,0.42,0.44,0.43,0.441506153634991
5.6d,5.6,36,denoised,basal_a,Basal <a>,0.44,0.46,0.45,0.0766344878071098
5.6d,5.6,36,denoised,basal_a,Basal <a>,0.46,0.48,0.47,0.0785408183495753
5.6d,5.6,36,denoised,basal_a,Basal <a>,0.48,0.5,0.49,0.151743911180247
5.6d,5.6,36,denoised,prismatic_a,Prismatic <a>,0,0.02,0.01,0
5.6d,5.6,36,denoised,prismatic_a,Prismatic <a>,0.02,0.04,0.03,0
5.6d,5.6,36,denoised,prismatic_a,Prismatic <a>,0.04,0.06,0.05,0
5.6d,5.6,36,denoised,prismatic_a,Prismatic <a>,0.06,0.08,0.07,0
5.6d,5.6,36,denoised,prismatic_a,Prismatic <a>,0.08,0.1,0.09,0
5.6d,5.6,36,denoised,prismatic_a,Prismatic <a>,0.1,0.12,0.11,0
5.6d,5.6,36,denoised,prismatic_a,Prismatic <a>,0.12,0.14,0.13,0.0022875966509585
5.6d,5.6,36,denoised,prismatic_a,Prismatic <a>,0.14,0.16,0.15,0.00762532216986168
5.6d,5.6,36,denoised,prismatic_a,Prismatic <a>,0.16,0.18,0.17,0
5.6d,5.6,36,denoised,prismatic_a,Prismatic <a>,0.18,0.2,0.19,0
5.6d,5.6,36,denoised,prismatic_a,Prismatic <a>,0.2,0.22,0.21,0.00266886275945159
5.6d,5.6,36,denoised,prismatic_a,Prismatic <a>,0.22,0.24,0.23,0.013725579905751
5.6d,5.6,36,denoised,prismatic_a,Prismatic <a>,0.24,0.26,0.25,0.0922663982553263
5.6d,5.6,36,denoised,prismatic_a,Prismatic <a>,0.26,0.28,0.27,0.0461331991276632
5.6d,5.6,36,denoised,prismatic_a,Prismatic <a>,0.28,0.3,0.29,0.127724146345183
5.6d,5.6,36,denoised,prismatic_a,Prismatic <a>,0.3,0.32,0.31,0.0976041237742295
5.6d,5.6,36,denoised,prismatic_a,Prismatic <a>,0.32,0.34,0.33,0.352289884247609
5.6d,5.6,36,denoised,prismatic_a,Prismatic <a>,0.34,0.36,0.35,0.484970490003202
5.6d,5.6,36,denoised,prismatic_a,Prismatic <a>,0.36,0.38,0.37,1.32985618642388
5.6d,5.6,36,denoised,prismatic_a,Prismatic <a>,0.38,0.4,0.39,3.62660322398622
5.6d,5.6,36,denoised,prismatic_a,Prismatic <a>,0.4,0.42,0.41,8.35544676762595
5.6d,5.6,36,denoised,prismatic_a,Prismatic <a>,0.42,0.44,0.43,19.2901587592075
5.6d,5.6,36,denoised,prismatic_a,Prismatic <a>,0.44,0.46,0.45,23.2362629821109
5.6d,5.6,36,denoised,prismatic_a,Prismatic <a>,0.46,0.48,0.47,23.7376279147794
5.6d,5.6,36,denoised,prismatic_a,Prismatic <a>,0.48,0.5,0.49,19.1967485626268
5.6d,5.6,36,denoised,pyramidal_ca,Pyramidal <c+a>,0,0.02,0.01,0
5.6d,5.6,36,denoised,pyramidal_ca,Pyramidal <c+a>,0.02,0.04,0.03,0
5.6d,5.6,36,denoised,pyramidal_ca,Pyramidal <c+a>,0.04,0.06,0.05,0
5.6d,5.6,36,denoised,pyramidal_ca,Pyramidal <c+a>,0.06,0.08,0.07,0
5.6d,5.6,36,denoised,pyramidal_ca,Pyramidal <c+a>,0.08,0.1,0.09,0
5.6d,5.6,36,denoised,pyramidal_ca,Pyramidal <c+a>,0.1,0.12,0.11,0
5.6d,5.6,36,denoised,pyramidal_ca,Pyramidal <c+a>,0.12,0.14,0.13,0
5.6d,5.6,36,denoised,pyramidal_ca,Pyramidal <c+a>,0.14,0.16,0.15,0
5.6d,5.6,36,denoised,pyramidal_ca,Pyramidal <c+a>,0.16,0.18,0.17,0
5.6d,5.6,36,denoised,pyramidal_ca,Pyramidal <c+a>,0.18,0.2,0.19,0
5.6d,5.6,36,denoised,pyramidal_ca,Pyramidal <c+a>,0.2,0.22,0.21,0
5.6d,5.6,36,denoised,pyramidal_ca,Pyramidal <c+a>,0.22,0.24,0.23,0
5.6d,5.6,36,denoised,pyramidal_ca,Pyramidal <c+a>,0.24,0.26,0.25,0
5.6d,5.6,36,denoised,pyramidal_ca,Pyramidal <c+a>,0.26,0.28,0.27,0
5.6d,5.6,36,denoised,pyramidal_ca,Pyramidal <c+a>,0.28,0.3,0.29,0.00190633054246542
5.6d,5.6,36,denoised,pyramidal_ca,Pyramidal <c+a>,0.3,0.32,0.31,0.0156319104482164
5.6d,5.6,36,denoised,pyramidal_ca,Pyramidal <c+a>,0.32,0.34,0.33,0.0232572326180781
5.6d,5.6,36,denoised,pyramidal_ca,Pyramidal <c+a>,0.34,0.36,0.35,0.127724146345183
5.6d,5.6,36,denoised,pyramidal_ca,Pyramidal <c+a>,0.36,0.38,0.37,0.0953165271232709
5.6d,5.6,36,denoised,pyramidal_ca,Pyramidal <c+a>,0.38,0.4,0.39,0.212365222430648
5.6d,5.6,36,denoised,pyramidal_ca,Pyramidal <c+a>,0.4,0.42,0.41,2.02147290723033
5.6d,5.6,36,denoised,pyramidal_ca,Pyramidal <c+a>,0.42,0.44,0.43,9.55109728386027
5.6d,5.6,36,denoised,pyramidal_ca,Pyramidal <c+a>,0.44,0.46,0.45,20.0877674581751
5.6d,5.6,36,denoised,pyramidal_ca,Pyramidal <c+a>,0.46,0.48,0.47,24.5264674932515
5.6d,5.6,36,denoised,pyramidal_ca,Pyramidal <c+a>,0.48,0.5,0.49,43.336993487975
5.25d,5.25,43.75,denoised,basal_a,Basal <a>,0,0.02,0.01,5.86431208610887
5.25d,5.25,43.75,denoised,basal_a,Basal <a>,0.02,0.04,0.03,6.81711628997286
5.25d,5.25,43.75,denoised,basal_a,Basal <a>,0.04,0.06,0.05,6.57488621046668
5.25d,5.25,43.75,denoised,basal_a,Basal <a>,0.06,0.08,0.07,6.85960422730559
5.25d,5.25,43.75,denoised,basal_a,Basal <a>,0.08,0.1,0.09,6.51481705768591
5.25d,5.25,43.75,denoised,basal_a,Basal <a>,0.1,0.12,0.11,5.80912660428589
5.25d,5.25,43.75,denoised,basal_a,Basal <a>,0.12,0.14,0.13,6.63690883163054
5.25d,5.25,43.75,denoised,basal_a,Basal <a>,0.14,0.16,0.15,6.60858354007539
5.25d,5.25,43.75,denoised,basal_a,Basal <a>,0.16,0.18,0.17,6.20421558477074
5.25d,5.25,43.75,denoised,basal_a,Basal <a>,0.18,0.2,0.19,7.51255103436152
5.25d,5.25,43.75,denoised,basal_a,Basal <a>,0.2,0.22,0.21,6.70772206051844
5.25d,5.25,43.75,denoised,basal_a,Basal <a>,0.22,0.24,0.23,5.77689437596451
5.25d,5.25,43.75,denoised,basal_a,Basal <a>,0.24,0.26,0.25,5.21429548162762
5.25d,5.25,43.75,denoised,basal_a,Basal <a>,0.26,0.28,0.27,4.14086460510636
5.25d,5.25,43.75,denoised,basal_a,Basal <a>,0.28,0.3,0.29,3.88544861401418
5.25d,5.25,43.75,denoised,basal_a,Basal <a>,0.3,0.32,0.31,3.2427575159696
5.25d,5.25,43.75,denoised,basal_a,Basal <a>,0.32,0.34,0.33,2.05260690355727
5.25d,5.25,43.75,denoised,basal_a,Basal <a>,0.34,0.36,0.35,1.38403234943642
5.25d,5.25,43.75,denoised,basal_a,Basal <a>,0.36,0.38,0.37,1.01775702760251
5.25d,5.25,43.75,denoised,basal_a,Basal <a>,0.38,0.4,0.39,0.569436033677795
5.25d,5.25,43.75,denoised,basal_a,Basal <a>,0.4,0.42,0.41,0.33453146060831
5.25d,5.25,43.75,denoised,basal_a,Basal <a>,0.42,0.44,0.43,0.151393799691352
5.25d,5.25,43.75,denoised,basal_a,Basal <a>,0.44,0.46,0.45,0.0747201656541189
5.25d,5.25,43.75,denoised,basal_a,Basal <a>,0.46,0.48,0.47,0.0273485573635991
5.25d,5.25,43.75,denoised,basal_a,Basal <a>,0.48,0.5,0.49,0.0180695825438065
5.25d,5.25,43.75,denoised,prismatic_a,Prismatic <a>,0,0.02,0.01,0
5.25d,5.25,43.75,denoised,prismatic_a,Prismatic <a>,0.02,0.04,0.03,0
5.25d,5.25,43.75,denoised,prismatic_a,Prismatic <a>,0.04,0.06,0.05,0
5.25d,5.25,43.75,denoised,prismatic_a,Prismatic <a>,0.06,0.08,0.07,0.00244183547889277
5.25d,5.25,43.75,denoised,prismatic_a,Prismatic <a>,0.08,0.1,0.09,0
5.25d,5.25,43.75,denoised,prismatic_a,Prismatic <a>,0.1,0.12,0.11,0
5.25d,5.25,43.75,denoised,prismatic_a,Prismatic <a>,0.12,0.14,0.13,0.00293020257467133
5.25d,5.25,43.75,denoised,prismatic_a,Prismatic <a>,0.14,0.16,0.15,0.00293020257467133
5.25d,5.25,43.75,denoised,prismatic_a,Prismatic <a>,0.16,0.18,0.17,0
5.25d,5.25,43.75,denoised,prismatic_a,Prismatic <a>,0.18,0.2,0.19,0.00488367095778555
5.25d,5.25,43.75,denoised,prismatic_a,Prismatic <a>,0.2,0.22,0.21,0.00244183547889277
5.25d,5.25,43.75,denoised,prismatic_a,Prismatic <a>,0.22,0.24,0.23,0.00781387353245688
5.25d,5.25,43.75,denoised,prismatic_a,Prismatic <a>,0.24,0.26,0.25,0.0102557090113497
5.25d,5.25,43.75,denoised,prismatic_a,Prismatic <a>,0.26,0.28,0.27,0.0195346838311422
5.25d,5.25,43.75,denoised,prismatic_a,Prismatic <a>,0.28,0.3,0.29,0.0053720380535641
5.25d,5.25,43.75,denoised,prismatic_a,Prismatic <a>,0.3,0.32,0.31,0.0620226211638765
5.25d,5.25,43.75,denoised,prismatic_a,Prismatic <a>,0.32,0.34,0.33,0.115254634603739
5.25d,5.25,43.75,denoised,prismatic_a,Prismatic <a>,0.34,0.36,0.35,0.279834345881112
5.25d,5.25,43.75,denoised,prismatic_a,Prismatic <a>,0.36,0.38,0.37,1.27610322126936
5.25d,5.25,43.75,denoised,prismatic_a,Prismatic <a>,0.38,0.4,0.39,3.63735812935867
5.25d,5.25,43.75,denoised,prismatic_a,Prismatic <a>,0.4,0.42,0.41,8.31347307143837
5.25d,5.25,43.75,denoised,prismatic_a,Prismatic <a>,0.42,0.44,0.43,20.0333066359321
5.25d,5.25,43.75,denoised,prismatic_a,Prismatic <a>,0.44,0.46,0.45,25.3272059541717
5.25d,5.25,43.75,denoised,prismatic_a,Prismatic <a>,0.46,0.48,0.47,23.3669004317165
5.25d,5.25,43.75,denoised,prismatic_a,Prismatic <a>,0.48,0.5,0.49,17.5299369029713
5.25d,5.25,43.75,denoised,pyramidal_ca,Pyramidal <c+a>,0,0.02,0.01,0
5.25d,5.25,43.75,denoised,pyramidal_ca,Pyramidal <c+a>,0.02,0.04,0.03,0
5.25d,5.25,43.75,denoised,pyramidal_ca,Pyramidal <c+a>,0.04,0.06,0.05,0
5.25d,5.25,43.75,denoised,pyramidal_ca,Pyramidal <c+a>,0.06,0.08,0.07,0
5.25d,5.25,43.75,denoised,pyramidal_ca,Pyramidal <c+a>,0.08,0.1,0.09,0
5.25d,5.25,43.75,denoised,pyramidal_ca,Pyramidal <c+a>,0.1,0.12,0.11,0
5.25d,5.25,43.75,denoised,pyramidal_ca,Pyramidal <c+a>,0.12,0.14,0.13,0
5.25d,5.25,43.75,denoised,pyramidal_ca,Pyramidal <c+a>,0.14,0.16,0.15,0
5.25d,5.25,43.75,denoised,pyramidal_ca,Pyramidal <c+a>,0.16,0.18,0.17,0
5.25d,5.25,43.75,denoised,pyramidal_ca,Pyramidal <c+a>,0.18,0.2,0.19,0
5.25d,5.25,43.75,denoised,pyramidal_ca,Pyramidal <c+a>,0.2,0.22,0.21,0
5.25d,5.25,43.75,denoised,pyramidal_ca,Pyramidal <c+a>,0.22,0.24,0.23,0
5.25d,5.25,43.75,denoised,pyramidal_ca,Pyramidal <c+a>,0.24,0.26,0.25,0
5.25d,5.25,43.75,denoised,pyramidal_ca,Pyramidal <c+a>,0.26,0.28,0.27,0
5.25d,5.25,43.75,denoised,pyramidal_ca,Pyramidal <c+a>,0.28,0.3,0.29,0
5.25d,5.25,43.75,denoised,pyramidal_ca,Pyramidal <c+a>,0.3,0.32,0.31,0.00244183547889277
5.25d,5.25,43.75,denoised,pyramidal_ca,Pyramidal <c+a>,0.32,0.34,0.33,0.00293020257467133
5.25d,5.25,43.75,denoised,pyramidal_ca,Pyramidal <c+a>,0.34,0.36,0.35,0.0449297728116271
5.25d,5.25,43.75,denoised,pyramidal_ca,Pyramidal <c+a>,0.36,0.38,0.37,0.0424879373327343
5.25d,5.25,43.75,denoised,pyramidal_ca,Pyramidal <c+a>,0.38,0.4,0.39,0.0576273173018695
5.25d,5.25,43.75,denoised,pyramidal_ca,Pyramidal <c+a>,0.4,0.42,0.41,2.15321052528765
5.25d,5.25,43.75,denoised,pyramidal_ca,Pyramidal <c+a>,0.42,0.44,0.43,10.7616573225763
5.25d,5.25,43.75,denoised,pyramidal_ca,Pyramidal <c+a>,0.44,0.46,0.45,18.4749272333028
5.25d,5.25,43.75,denoised,pyramidal_ca,Pyramidal <c+a>,0.46,0.48,0.47,24.2322869254361
5.25d,5.25,43.75,denoised,pyramidal_ca,Pyramidal <c+a>,0.48,0.5,0.49,44.2275009278978
5d,5,48.98,denoised,basal_a,Basal <a>,0,0.02,0.01,5.45497126592085
5d,5,48.98,denoised,basal_a,Basal <a>,0.02,0.04,0.03,5.38651389864707
5d,5,48.98,denoised,basal_a,Basal <a>,0.04,0.06,0.05,5.44821560467672
5d,5,48.98,denoised,basal_a,Basal <a>,0.06,0.08,0.07,5.42254409194906
5d,5,48.98,denoised,basal_a,Basal <a>,0.08,0.1,0.09,6.16566682880254
5d,5,48.98,denoised,basal_a,Basal <a>,0.1,0.12,0.11,6.30258156335008
5d,5,48.98,denoised,basal_a,Basal <a>,0.12,0.14,0.13,6.50299951359239
5d,5,48.98,denoised,basal_a,Basal <a>,0.14,0.16,0.15,6.54308310364085
5d,5,48.98,denoised,basal_a,Basal <a>,0.16,0.18,0.17,6.72053180565313
5d,5,48.98,denoised,basal_a,Basal <a>,0.18,0.2,0.19,6.9502242879533
5d,5,48.98,denoised,basal_a,Basal <a>,0.2,0.22,0.21,6.1359419193284
5d,5,48.98,denoised,basal_a,Basal <a>,0.22,0.24,0.23,6.30888684717794
5d,5,48.98,denoised,basal_a,Basal <a>,0.24,0.26,0.25,5.95849321731612
5d,5,48.98,denoised,basal_a,Basal <a>,0.26,0.28,0.27,5.4360554144373
5d,5,48.98,denoised,basal_a,Basal <a>,0.28,0.3,0.29,4.22814318398819
5d,5,48.98,denoised,basal_a,Basal <a>,0.3,0.32,0.31,3.96737465996506
5d,5,48.98,denoised,basal_a,Basal <a>,0.32,0.34,0.33,2.83197319353619
5d,5,48.98,denoised,basal_a,Basal <a>,0.34,0.36,0.35,1.5983894503594
5d,5,48.98,denoised,basal_a,Basal <a>,0.36,0.38,0.37,1.00208975121152
5d,5,48.98,denoised,basal_a,Basal <a>,0.38,0.4,0.39,0.724657262786215
5d,5,48.98,denoised,basal_a,Basal <a>,0.4,0.42,0.41,0.606658379722207
5d,5,48.98,denoised,basal_a,Basal <a>,0.42,0.44,0.43,0.170242663351889
5d,5,48.98,denoised,basal_a,Basal <a>,0.44,0.46,0.45,0.0743122736853483
5d,5,48.98,denoised,basal_a,Basal <a>,0.46,0.48,0.47,0.033327928804338
5d,5,48.98,denoised,basal_a,Basal <a>,0.48,0.5,0.49,0.0261218901439406
5d,5,48.98,denoised,prismatic_a,Prismatic <a>,0,0.02,0.01,0
5d,5,48.98,denoised,prismatic_a,Prismatic <a>,0.02,0.04,0.03,0
5d,5,48.98,denoised,prismatic_a,Prismatic <a>,0.04,0.06,0.05,0
5d,5,48.98,denoised,prismatic_a,Prismatic <a>,0.06,0.08,0.07,0
5d,5,48.98,denoised,prismatic_a,Prismatic <a>,0.08,0.1,0.09,0.00450377416274838
5d,5,48.98,denoised,prismatic_a,Prismatic <a>,0.1,0.12,0.11,0
5d,5,48.98,denoised,prismatic_a,Prismatic <a>,0.12,0.14,0.13,0
5d,5,48.98,denoised,prismatic_a,Prismatic <a>,0.14,0.16,0.15,0.00225188708137419
5d,5,48.98,denoised,prismatic_a,Prismatic <a>,0.16,0.18,0.17,0.00225188708137419
5d,5,48.98,denoised,prismatic_a,Prismatic <a>,0.18,0.2,0.19,0.0198166063160929
5d,5,48.98,denoised,prismatic_a,Prismatic <a>,0.2,0.22,0.21,0
5d,5,48.98,denoised,prismatic_a,Prismatic <a>,0.22,0.24,0.23,0
5d,5,48.98,denoised,prismatic_a,Prismatic <a>,0.24,0.26,0.25,0.00225188708137419
5d,5,48.98,denoised,prismatic_a,Prismatic <a>,0.26,0.28,0.27,0.00630528382784774
5d,5,48.98,denoised,prismatic_a,Prismatic <a>,0.28,0.3,0.29,0.0923273703363419
5d,5,48.98,denoised,prismatic_a,Prismatic <a>,0.3,0.32,0.31,0.05584679961808
5d,5,48.98,denoised,prismatic_a,Prismatic <a>,0.32,0.34,0.33,0.0896251058386928
5d,5,48.98,denoised,prismatic_a,Prismatic <a>,0.34,0.36,0.35,0.47289628708858
5d,5,48.98,denoised,prismatic_a,Prismatic <a>,0.36,0.38,0.37,1.36194130681511
5d,5,48.98,denoised,prismatic_a,Prismatic <a>,0.38,0.4,0.39,3.46070006665586
5d,5,48.98,denoised,prismatic_a,Prismatic <a>,0.4,0.42,0.41,9.09537192167035
5d,5,48.98,denoised,prismatic_a,Prismatic <a>,0.42,0.44,0.43,22.1482102001476
5d,5,48.98,denoised,prismatic_a,Prismatic <a>,0.44,0.46,0.45,26.714586823758
5d,5,48.98,denoised,prismatic_a,Prismatic <a>,0.46,0.48,0.47,21.6145129618618
5d,5,48.98,denoised,prismatic_a,Prismatic <a>,0.48,0.5,0.49,14.856599830658
5d,5,48.98,denoised,pyramidal_ca,Pyramidal <c+a>,0,0.02,0.01,0
5d,5,48.98,denoised,pyramidal_ca,Pyramidal <c+a>,0.02,0.04,0.03,0
5d,5,48.98,denoised,pyramidal_ca,Pyramidal <c+a>,0.04,0.06,0.05,0
5d,5,48.98,denoised,pyramidal_ca,Pyramidal <c+a>,0.06,0.08,0.07,0
5d,5,48.98,denoised,pyramidal_ca,Pyramidal <c+a>,0.08,0.1,0.09,0
5d,5,48.98,denoised,pyramidal_ca,Pyramidal <c+a>,0.1,0.12,0.11,0
5d,5,48.98,denoised,pyramidal_ca,Pyramidal <c+a>,0.12,0.14,0.13,0
5d,5,48.98,denoised,pyramidal_ca,Pyramidal <c+a>,0.14,0.16,0.15,0
5d,5,48.98,denoised,pyramidal_ca,Pyramidal <c+a>,0.16,0.18,0.17,0
5d,5,48.98,denoised,pyramidal_ca,Pyramidal <c+a>,0.18,0.2,0.19,0
5d,5,48.98,denoised,pyramidal_ca,Pyramidal <c+a>,0.2,0.22,0.21,0
5d,5,48.98,denoised,pyramidal_ca,Pyramidal <c+a>,0.22,0.24,0.23,0
5d,5,48.98,denoised,pyramidal_ca,Pyramidal <c+a>,0.24,0.26,0.25,0
5d,5,48.98,denoised,pyramidal_ca,Pyramidal <c+a>,0.26,0.28,0.27,0
5d,5,48.98,denoised,pyramidal_ca,Pyramidal <c+a>,0.28,0.3,0.29,0
5d,5,48.98,denoised,pyramidal_ca,Pyramidal <c+a>,0.3,0.32,0.31,0.016663964402169
5d,5,48.98,denoised,pyramidal_ca,Pyramidal <c+a>,0.32,0.34,0.33,0.00360301933019871
5d,5,48.98,denoised,pyramidal_ca,Pyramidal <c+a>,0.34,0.36,0.35,0.0495415157902322
5d,5,48.98,denoised,pyramidal_ca,Pyramidal <c+a>,0.36,0.38,0.37,0.0135113224882451
5d,5,48.98,denoised,pyramidal_ca,Pyramidal <c+a>,0.38,0.4,0.39,0.186456250337783
5d,5,48.98,denoised,pyramidal_ca,Pyramidal <c+a>,0.4,0.42,0.41,1.9510349673026
5d,5,48.98,denoised,pyramidal_ca,Pyramidal <c+a>,0.42,0.44,0.43,9.70923634005294
5d,5,48.98,denoised,pyramidal_ca,Pyramidal <c+a>,0.44,0.46,0.45,16.7828640400655
5d,5,48.98,denoised,pyramidal_ca,Pyramidal <c+a>,0.46,0.48,0.47,25.098632654164
5d,5,48.98,denoised,pyramidal_ca,Pyramidal <c+a>,0.48,0.5,0.49,46.1884559260654
