sample,diameter_mm,cold_reduction_percent,variant,family,display_name,source_crss_mpa,grain_count,area_weighted_mean_max_abs_schmid,area_weighted_median_max_abs_schmid,area_fraction_schmid_ge_0_4_percent,mean_drive_per_mpa,mean_drive_relative_to_prismatic
7d,7,0,denoised,prismatic_a,Prismatic <a>,154,3167,0.451946355423268,0.45931008762938,91.0744575071649,0.00293471659365758,1
7d,7,0,denoised,basal_a,Basal <a>,252,3167,0.166109511877157,0.147122231633786,3.57372638474586,0.000659164729671256,0.224609330623551
7d,7,0,denoised,pyramidal_ca,Pyramidal <c+a>,756,3167,0.463661278739301,0.467214191238921,98.0754072700028,0.00061330856976098,0.208983917249946
6.48d,6.48,14.31,denoised,prismatic_a,Prismatic <a>,154,5577,0.454410310643541,0.458866811887152,94.2360933009793,0.00295071630288014,1
6.48d,6.48,14.31,denoised,basal_a,Basal <a>,252,5577,0.158439291392666,0.144217522524295,1.34710357934332,0.000628727346796295,0.213076176175462
6.48d,6.48,14.31,denoised,pyramidal_ca,Pyramidal <c+a>,756,5577,0.467222703205321,0.471850420237737,99.3348326724405,0.000618019448684287,0.209447261358556
6.02d,6.02,26.04,denoised,prismatic_a,Prismatic <a>,154,3435,0.45564177718024,0.460716394703768,93.6469303468428,0.00295871283883273,1
6.02d,6.02,26.04,denoised,basal_a,Basal <a>,252,3435,0.157472927402807,0.143087615931583,1.50708962376491,0.000624892569058759,0.211204196925475
6.02d,6.02,26.04,denoised,pyramidal_ca,Pyramidal <c+a>,756,3435,0.466421552556355,0.470132224311037,99.4037280790926,0.000616959725603644,0.20852301632863
5.6d,5.6,36,denoised,prismatic_a,Prismatic <a>,154,8143,0.450869963329021,0.454323661070571,93.8162449863505,0.00292772703460403,1
5.6d,5.6,36,denoised,basal_a,Basal <a>,252,8143,0.165657478333747,0.160107201737846,1.06716383767214,0.000657370945768836,0.224532867305966
5.6d,5.6,36,denoised,pyramidal_ca,Pyramidal <c+a>,756,8143,0.469798102084714,0.475548681454265,99.5237986304919,0.000621426060958617,0.212255464260746
5.25d,5.25,43.75,denoised,prismatic_a,Prismatic <a>,154,11240,0.450773450180922,0.453333376234862,94.5708229962298,0.00292710032585014,1
5.25d,5.25,43.75,denoised,basal_a,Basal <a>,252,11240,0.159611699665466,0.15541496285546,0.606063565861187,0.000633379760577246,0.216384711854141
5.25d,5.25,43.75,denoised,pyramidal_ca,Pyramidal <c+a>,756,11240,0.470289316489458,0.476275365422747,99.8495829345001,0.000622075815462246,0.212522888255144
5d,5,48.98,denoised,prismatic_a,Prismatic <a>,154,10547,0.448409391535529,0.449813863025647,94.4292817380957,0.00291174929568525,1
5d,5,48.98,denoised,basal_a,Basal <a>,252,10547,0.170945648060987,0.168197794348553,0.910663135707723,0.000678355746273757,0.232971893314776
5d,5,48.98,denoised,pyramidal_ca,Pyramidal <c+a>,756,10547,0.471170728369316,0.476956594247159,99.7302239276505,0.000623241704192217,0.214043738283293
