sample,source_diameter_mm,nominal_diameter_mm,nominal_reduction_percent,geometric_scale_factor,bin_lower_um,bin_upper_um,grain_count,number_frequency_percent
7d,7.0,7.0,0.0,1.0,0.0,2.0,204,7.211028632025451
7d,7.0,7.0,0.0,1.0,2.0,4.0,723,25.556733828207847
7d,7.0,7.0,0.0,1.0,4.0,6.0,773,27.324142806645458
7d,7.0,7.0,0.0,1.0,6.0,8.0,584,20.64333686815129
7d,7.0,7.0,0.0,1.0,8.0,10.0,323,11.417462000706964
7d,7.0,7.0,0.0,1.0,10.0,12.0,135,4.7720042417815485
7d,7.0,7.0,0.0,1.0,12.0,14.0,50,1.7674089784376106
7d,7.0,7.0,0.0,1.0,14.0,16.0,26,0.9190526687875575
7d,7.0,7.0,0.0,1.0,16.0,18.0,6,0.2120890774125133
7d,7.0,7.0,0.0,1.0,18.0,20.0,4,0.14139271827500885
7d,7.0,7.0,0.0,1.0,20.0,22.0,1,0.03534817956875221
7d,7.0,7.0,0.0,1.0,22.0,24.0,0,0.0
7d,7.0,7.0,0.0,1.0,24.0,26.0,0,0.0
7d,7.0,7.0,0.0,1.0,26.0,28.0,0,0.0
7d,7.0,7.0,0.0,1.0,28.0,30.0,0,0.0
7d,7.0,7.0,0.0,1.0,30.0,32.0,0,0.0
7d,7.0,7.0,0.0,1.0,32.0,34.0,0,0.0
7d,7.0,7.0,0.0,1.0,34.0,36.0,0,0.0
7d,7.0,7.0,0.0,1.0,36.0,38.0,0,0.0
6.48d,6.48,6.5,13.77551020408163,0.9636241116594315,0.0,2.0,189,8.677685950413224
6.48d,6.48,6.5,13.77551020408163,0.9636241116594315,2.0,4.0,514,23.59963269054178
6.48d,6.48,6.5,13.77551020408163,0.9636241116594315,4.0,6.0,492,22.58953168044077
6.48d,6.48,6.5,13.77551020408163,0.9636241116594315,6.0,8.0,439,20.156106519742885
6.48d,6.48,6.5,13.77551020408163,0.9636241116594315,8.0,10.0,283,12.993572084481176
6.48d,6.48,6.5,13.77551020408163,0.9636241116594315,10.0,12.0,152,6.978879706152434
6.48d,6.48,6.5,13.77551020408163,0.9636241116594315,12.0,14.0,64,2.938475665748393
6.48d,6.48,6.5,13.77551020408163,0.9636241116594315,14.0,16.0,22,1.0101010101010102
6.48d,6.48,6.5,13.77551020408163,0.9636241116594315,16.0,18.0,11,0.5050505050505051
6.48d,6.48,6.5,13.77551020408163,0.9636241116594315,18.0,20.0,9,0.4132231404958678
6.48d,6.48,6.5,13.77551020408163,0.9636241116594315,20.0,22.0,2,0.09182736455463728
6.48d,6.48,6.5,13.77551020408163,0.9636241116594315,22.0,24.0,1,0.04591368227731864
6.48d,6.48,6.5,13.77551020408163,0.9636241116594315,24.0,26.0,0,0.0
6.48d,6.48,6.5,13.77551020408163,0.9636241116594315,26.0,28.0,0,0.0
6.48d,6.48,6.5,13.77551020408163,0.9636241116594315,28.0,30.0,0,0.0
6.48d,6.48,6.5,13.77551020408163,0.9636241116594315,30.0,32.0,0,0.0
6.48d,6.48,6.5,13.77551020408163,0.9636241116594315,32.0,34.0,0,0.0
6.48d,6.48,6.5,13.77551020408163,0.9636241116594315,34.0,36.0,0,0.0
6.48d,6.48,6.5,13.77551020408163,0.9636241116594315,36.0,38.0,0,0.0
6.02d,6.02,6.02,26.040000000000006,0.9273618495495703,0.0,2.0,196,8.394004282655246
6.02d,6.02,6.02,26.040000000000006,0.9273618495495703,2.0,4.0,582,24.925053533190578
6.02d,6.02,6.02,26.040000000000006,0.9273618495495703,4.0,6.0,616,26.38115631691649
6.02d,6.02,6.02,26.040000000000006,0.9273618495495703,6.0,8.0,443,18.972162740899357
6.02d,6.02,6.02,26.040000000000006,0.9273618495495703,8.0,10.0,288,12.33404710920771
6.02d,6.02,6.02,26.040000000000006,0.9273618495495703,10.0,12.0,128,5.481798715203426
6.02d,6.02,6.02,26.040000000000006,0.9273618495495703,12.0,14.0,51,2.1841541755888647
6.02d,6.02,6.02,26.040000000000006,0.9273618495495703,14.0,16.0,20,0.8565310492505354
6.02d,6.02,6.02,26.040000000000006,0.9273618495495703,16.0,18.0,7,0.29978586723768735
6.02d,6.02,6.02,26.040000000000006,0.9273618495495703,18.0,20.0,2,0.08565310492505353
6.02d,6.02,6.02,26.040000000000006,0.9273618495495703,20.0,22.0,1,0.042826552462526764
6.02d,6.02,6.02,26.040000000000006,0.9273618495495703,22.0,24.0,1,0.042826552462526764
6.02d,6.02,6.02,26.040000000000006,0.9273618495495703,24.0,26.0,0,0.0
6.02d,6.02,6.02,26.040000000000006,0.9273618495495703,26.0,28.0,0,0.0
6.02d,6.02,6.02,26.040000000000006,0.9273618495495703,28.0,30.0,0,0.0
6.02d,6.02,6.02,26.040000000000006,0.9273618495495703,30.0,32.0,0,0.0
6.02d,6.02,6.02,26.040000000000006,0.9273618495495703,32.0,34.0,0,0.0
6.02d,6.02,6.02,26.040000000000006,0.9273618495495703,34.0,36.0,0,0.0
6.02d,6.02,6.02,26.040000000000006,0.9273618495495703,36.0,38.0,0,0.0
5.6d,5.6,5.6,36.00000000000001,0.8944271909999159,0.0,2.0,278,13.614103819784527
5.6d,5.6,5.6,36.00000000000001,0.8944271909999159,2.0,4.0,502,24.58374142997062
5.6d,5.6,5.6,36.00000000000001,0.8944271909999159,4.0,6.0,478,23.408423114593536
5.6d,5.6,5.6,36.00000000000001,0.8944271909999159,6.0,8.0,363,17.776689520078353
5.6d,5.6,5.6,36.00000000000001,0.8944271909999159,8.0,10.0,212,10.381978452497552
5.6d,5.6,5.6,36.00000000000001,0.8944271909999159,10.0,12.0,116,5.680705190989226
5.6d,5.6,5.6,36.00000000000001,0.8944271909999159,12.0,14.0,55,2.693437806072478
5.6d,5.6,5.6,36.00000000000001,0.8944271909999159,14.0,16.0,23,1.1263467189030363
5.6d,5.6,5.6,36.00000000000001,0.8944271909999159,16.0,18.0,8,0.3917727717923604
5.6d,5.6,5.6,36.00000000000001,0.8944271909999159,18.0,20.0,7,0.3428011753183154
5.6d,5.6,5.6,36.00000000000001,0.8944271909999159,20.0,22.0,0,0.0
5.6d,5.6,5.6,36.00000000000001,0.8944271909999159,22.0,24.0,0,0.0
5.6d,5.6,5.6,36.00000000000001,0.8944271909999159,24.0,26.0,0,0.0
5.6d,5.6,5.6,36.00000000000001,0.8944271909999159,26.0,28.0,0,0.0
5.6d,5.6,5.6,36.00000000000001,0.8944271909999159,28.0,30.0,0,0.0
5.6d,5.6,5.6,36.00000000000001,0.8944271909999159,30.0,32.0,0,0.0
5.6d,5.6,5.6,36.00000000000001,0.8944271909999159,32.0,34.0,0,0.0
5.6d,5.6,5.6,36.00000000000001,0.8944271909999159,34.0,36.0,0,0.0
5.6d,5.6,5.6,36.00000000000001,0.8944271909999159,36.0,38.0,0,0.0
5.25d,5.25,5.25,43.75,0.8660254037844386,0.0,2.0,516,26.16632860040568
5.25d,5.25,5.25,43.75,0.8660254037844386,2.0,4.0,484,24.543610547667345
5.25d,5.25,5.25,43.75,0.8660254037844386,4.0,6.0,348,17.647058823529413
5.25d,5.25,5.25,43.75,0.8660254037844386,6.0,8.0,281,14.249492900608518
5.25d,5.25,5.25,43.75,0.8660254037844386,8.0,10.0,167,8.468559837728193
5.25d,5.25,5.25,43.75,0.8660254037844386,10.0,12.0,92,4.665314401622718
5.25d,5.25,5.25,43.75,0.8660254037844386,12.0,14.0,34,1.7241379310344827
5.25d,5.25,5.25,43.75,0.8660254037844386,14.0,16.0,19,0.9634888438133874
5.25d,5.25,5.25,43.75,0.8660254037844386,16.0,18.0,16,0.8113590263691683
5.25d,5.25,5.25,43.75,0.8660254037844386,18.0,20.0,8,0.4056795131845842
5.25d,5.25,5.25,43.75,0.8660254037844386,20.0,22.0,2,0.10141987829614604
5.25d,5.25,5.25,43.75,0.8660254037844386,22.0,24.0,2,0.10141987829614604
5.25d,5.25,5.25,43.75,0.8660254037844386,24.0,26.0,0,0.0
5.25d,5.25,5.25,43.75,0.8660254037844386,26.0,28.0,2,0.10141987829614604
5.25d,5.25,5.25,43.75,0.8660254037844386,28.0,30.0,0,0.0
5.25d,5.25,5.25,43.75,0.8660254037844386,30.0,32.0,0,0.0
5.25d,5.25,5.25,43.75,0.8660254037844386,32.0,34.0,1,0.05070993914807302
5.25d,5.25,5.25,43.75,0.8660254037844386,34.0,36.0,0,0.0
5.25d,5.25,5.25,43.75,0.8660254037844386,36.0,38.0,0,0.0
5d,5.0,5.0,48.97959183673469,0.8451542547285166,0.0,2.0,460,20.68345323741007
5d,5.0,5.0,48.97959183673469,0.8451542547285166,2.0,4.0,573,25.764388489208635
5d,5.0,5.0,48.97959183673469,0.8451542547285166,4.0,6.0,506,22.75179856115108
5d,5.0,5.0,48.97959183673469,0.8451542547285166,6.0,8.0,355,15.962230215827338
5d,5.0,5.0,48.97959183673469,0.8451542547285166,8.0,10.0,182,8.183453237410072
5d,5.0,5.0,48.97959183673469,0.8451542547285166,10.0,12.0,86,3.8669064748201443
5d,5.0,5.0,48.97959183673469,0.8451542547285166,12.0,14.0,33,1.4838129496402876
5d,5.0,5.0,48.97959183673469,0.8451542547285166,14.0,16.0,18,0.8093525179856115
5d,5.0,5.0,48.97959183673469,0.8451542547285166,16.0,18.0,7,0.3147482014388489
5d,5.0,5.0,48.97959183673469,0.8451542547285166,18.0,20.0,1,0.04496402877697842
5d,5.0,5.0,48.97959183673469,0.8451542547285166,20.0,22.0,1,0.04496402877697842
5d,5.0,5.0,48.97959183673469,0.8451542547285166,22.0,24.0,2,0.08992805755395684
5d,5.0,5.0,48.97959183673469,0.8451542547285166,24.0,26.0,0,0.0
5d,5.0,5.0,48.97959183673469,0.8451542547285166,26.0,28.0,0,0.0
5d,5.0,5.0,48.97959183673469,0.8451542547285166,28.0,30.0,0,0.0
5d,5.0,5.0,48.97959183673469,0.8451542547285166,30.0,32.0,0,0.0
5d,5.0,5.0,48.97959183673469,0.8451542547285166,32.0,34.0,0,0.0
5d,5.0,5.0,48.97959183673469,0.8451542547285166,34.0,36.0,0,0.0
5d,5.0,5.0,48.97959183673469,0.8451542547285166,36.0,38.0,0,0.0
