sample,cold_reduction_percent,bin_lower_deg,bin_upper_deg,bin_width_deg,bin_center_deg,pixel_count,probability,probability_density_per_degree
7d,0,0,2,2,1,0,0,0
7d,0,2,4,2,3,0,0,0
7d,0,4,6,2,5,1,2.7917130788966e-06,1.3958565394483e-06
7d,0,6,8,2,7,1,2.7917130788966e-06,1.3958565394483e-06
7d,0,8,10,2,9,0,0,0
7d,0,10,12,2,11,0,0,0
7d,0,12,14,2,13,1,2.7917130788966e-06,1.3958565394483e-06
7d,0,14,16,2,15,1,2.7917130788966e-06,1.3958565394483e-06
7d,0,16,18,2,17,0,0,0
7d,0,18,20,2,19,2,5.58342615779321e-06,2.7917130788966e-06
7d,0,20,22,2,21,0,0,0
7d,0,22,24,2,23,0,0,0
7d,0,24,26,2,25,47,0.00013121051470814,6.56052573540702e-05
7d,0,26,28,2,27,2,5.58342615779321e-06,2.7917130788966e-06
7d,0,28,30,2,29,106,0.00029592158636304,0.00014796079318152
7d,0,30,32,2,31,1,2.7917130788966e-06,1.3958565394483e-06
7d,0,32,34,2,33,3,8.37513923668981e-06,4.18756961834491e-06
7d,0,34,36,2,35,39,0.000108876810076968,5.44384050384838e-05
7d,0,36,38,2,37,265,0.0007398039659076,0.0003699019829538
7d,0,38,40,2,39,5,1.3958565394483e-05,6.97928269724151e-06
7d,0,40,42,2,41,18,5.02508354201389e-05,2.51254177100694e-05
7d,0,42,44,2,43,516,0.00144052394871065,0.000720261974355324
7d,0,44,46,2,45,411,0.0011473940754265,0.000573697037713252
7d,0,46,48,2,47,753,0.00210215994840914,0.00105107997420457
7d,0,48,50,2,49,522,0.00145727422718403,0.000728637113592013
7d,0,50,52,2,51,739,0.00206307596530459,0.00103153798265229
7d,0,52,54,2,53,573,0.00159965159420775,0.000799825797103877
7d,0,54,56,2,55,1454,0.00405915081671566,0.00202957540835783
7d,0,56,58,2,57,2444,0.0068229467648233,0.00341147338241165
7d,0,58,60,2,59,2617,0.00730591312747241,0.00365295656373621
7d,0,60,62,2,61,3482,0.00972074494071797,0.00486037247035899
7d,0,62,64,2,63,5930,0.0165548585578569,0.00827742927892843
7d,0,64,66,2,65,7946,0.0221829521249124,0.0110914760624562
7d,0,66,68,2,67,11204,0.0312783533359575,0.0156391766679788
7d,0,68,70,2,69,10535,0.0294106972861757,0.0147053486430879
7d,0,70,72,2,71,15988,0.0446339087053989,0.0223169543526994
7d,0,72,74,2,73,19561,0.0546086995362965,0.0273043497681482
7d,0,74,76,2,75,23910,0.0667498597164178,0.0333749298582089
7d,0,76,78,2,77,25445,0.0710351392925241,0.035517569646262
7d,0,78,80,2,79,30090,0.0840026465439988,0.0420013232719994
7d,0,80,82,2,81,29304,0.0818083600639861,0.040904180031993
7d,0,82,84,2,83,38112,0.106397768862907,0.0531988844314537
7d,0,84,86,2,85,41005,0.114474194800155,0.0572370974000776
7d,0,86,88,2,87,41577,0.116071054681284,0.058035527340642
7d,0,88,90,2,89,43593,0.12169914824834,0.0608495741241698
6.48d,14.31,0,2,2,1,3,8.56064216230407e-06,4.28032108115203e-06
6.48d,14.31,2,4,2,3,2,5.70709477486938e-06,2.85354738743469e-06
6.48d,14.31,4,6,2,5,2,5.70709477486938e-06,2.85354738743469e-06
6.48d,14.31,6,8,2,7,5,1.42677369371734e-05,7.13386846858672e-06
6.48d,14.31,8,10,2,9,8,2.28283790994775e-05,1.14141895497388e-05
6.48d,14.31,10,12,2,11,15,4.28032108115203e-05,2.14016054057602e-05
6.48d,14.31,12,14,2,13,6,1.71212843246081e-05,8.56064216230407e-06
6.48d,14.31,14,16,2,15,13,3.7096116036651e-05,1.85480580183255e-05
6.48d,14.31,16,18,2,17,21,5.99244951361285e-05,2.99622475680642e-05
6.48d,14.31,18,20,2,19,21,5.99244951361285e-05,2.99622475680642e-05
6.48d,14.31,20,22,2,21,48,0.000136970274596865,6.84851372984325e-05
6.48d,14.31,22,24,2,23,29,8.2752874235606e-05,4.1376437117803e-05
6.48d,14.31,24,26,2,25,55,0.000156945106308908,7.8472553154454e-05
6.48d,14.31,26,28,2,27,88,0.000251112170094253,0.000125556085047126
6.48d,14.31,28,30,2,29,64,0.00018262703279582,9.13135163979101e-05
6.48d,14.31,30,32,2,31,51,0.000145530916759169,7.27654583795846e-05
6.48d,14.31,32,34,2,33,44,0.000125556085047126,6.27780425235632e-05
6.48d,14.31,34,36,2,35,64,0.00018262703279582,9.13135163979101e-05
6.48d,14.31,36,38,2,37,132,0.000376668255141379,0.00018833412757069
6.48d,14.31,38,40,2,39,107,0.000305329570455512,0.000152664785227756
6.48d,14.31,40,42,2,41,90,0.000256819264869122,0.000128409632434561
6.48d,14.31,42,44,2,43,105,0.000299622475680642,0.000149811237840321
6.48d,14.31,44,46,2,45,117,0.000333865044329859,0.000166932522164929
6.48d,14.31,46,48,2,47,227,0.000647755256947674,0.000323877628473837
6.48d,14.31,48,50,2,49,255,0.000727654583795846,0.000363827291897923
6.48d,14.31,50,52,2,51,294,0.000838942931905799,0.000419471465952899
6.48d,14.31,52,54,2,53,358,0.00102156996470162,0.000510784982350809
6.48d,14.31,54,56,2,55,462,0.00131833889299483,0.000659169446497413
6.48d,14.31,56,58,2,57,633,0.00180629549624616,0.000903147748123079
6.48d,14.31,58,60,2,59,1453,0.0041462043539426,0.0020731021769713
6.48d,14.31,60,62,2,61,2107,0.00601242434532489,0.00300621217266245
6.48d,14.31,62,64,2,63,3333,0.00951087344231982,0.00475543672115991
6.48d,14.31,64,66,2,65,5889,0.0168045405646029,0.00840227028230144
6.48d,14.31,66,68,2,67,8357,0.0238470955167917,0.0119235477583958
6.48d,14.31,68,70,2,69,12511,0.0357007313641954,0.0178503656820977
6.48d,14.31,70,72,2,71,17025,0.0485816442710756,0.0242908221355378
6.48d,14.31,72,74,2,73,21933,0.062586854848605,0.0312934274243025
6.48d,14.31,74,76,2,75,25468,0.0726741448631867,0.0363370724315933
6.48d,14.31,76,78,2,77,27738,0.0791516974326634,0.0395758487163317
6.48d,14.31,78,80,2,79,31711,0.0904888412029414,0.0452444206014707
6.48d,14.31,80,82,2,81,35560,0.101472145097178,0.0507360725485888
6.48d,14.31,82,84,2,83,37528,0.107087926355649,0.0535439631778245
6.48d,14.31,84,86,2,85,36953,0.105447136607874,0.052723568303937
6.48d,14.31,86,88,2,87,38841,0.110834634075351,0.0554173170376754
6.48d,14.31,88,90,2,89,40715,0.116182181879403,0.0580910909397017
6.02d,26.04,0,2,2,1,0,0,0
6.02d,26.04,2,4,2,3,2,5.62958459295289e-06,2.81479229647644e-06
6.02d,26.04,4,6,2,5,1,2.81479229647644e-06,1.40739614823822e-06
6.02d,26.04,6,8,2,7,1,2.81479229647644e-06,1.40739614823822e-06
6.02d,26.04,8,10,2,9,4,1.12591691859058e-05,5.62958459295289e-06
6.02d,26.04,10,12,2,11,6,1.68887537788587e-05,8.44437688942933e-06
6.02d,26.04,12,14,2,13,7,1.97035460753351e-05,9.85177303766755e-06
6.02d,26.04,14,16,2,15,8,2.25183383718115e-05,1.12591691859058e-05
6.02d,26.04,16,18,2,17,14,3.94070921506702e-05,1.97035460753351e-05
6.02d,26.04,18,20,2,19,52,0.000146369199416775,7.31845997083875e-05
6.02d,26.04,20,22,2,21,103,0.000289923606537074,0.000144961803268537
6.02d,26.04,22,24,2,23,141,0.000396885713803178,0.000198442856901589
6.02d,26.04,24,26,2,25,58,0.000163257953195634,8.16289765978168e-05
6.02d,26.04,26,28,2,27,14,3.94070921506702e-05,1.97035460753351e-05
6.02d,26.04,28,30,2,29,13,3.65922998541938e-05,1.82961499270969e-05
6.02d,26.04,30,32,2,31,21,5.91106382260053e-05,2.95553191130027e-05
6.02d,26.04,32,34,2,33,34,9.57029380801991e-05,4.78514690400995e-05
6.02d,26.04,34,36,2,35,33,9.28881457837226e-05,4.64440728918613e-05
6.02d,26.04,36,38,2,37,18,5.0666261336576e-05,2.5333130668288e-05
6.02d,26.04,38,40,2,39,18,5.0666261336576e-05,2.5333130668288e-05
6.02d,26.04,40,42,2,41,13,3.65922998541938e-05,1.82961499270969e-05
6.02d,26.04,42,44,2,43,52,0.000146369199416775,7.31845997083875e-05
6.02d,26.04,44,46,2,45,103,0.000289923606537074,0.000144961803268537
6.02d,26.04,46,48,2,47,104,0.00029273839883355,0.000146369199416775
6.02d,26.04,48,50,2,49,187,0.000526366159441095,0.000263183079720547
6.02d,26.04,50,52,2,51,186,0.000523551367144618,0.000261775683572309
6.02d,26.04,52,54,2,53,243,0.000683994528043776,0.000341997264021888
6.02d,26.04,54,56,2,55,416,0.0011709535953342,0.0005854767976671
6.02d,26.04,56,58,2,57,829,0.00233346281377897,0.00116673140688949
6.02d,26.04,58,60,2,59,1595,0.00448959371287993,0.00224479685643996
6.02d,26.04,60,62,2,61,2957,0.00832334082068084,0.00416167041034042
6.02d,26.04,62,64,2,63,5608,0.0157853551986399,0.00789267759931995
6.02d,26.04,64,66,2,65,6275,0.0176628216603897,0.00883141083019484
6.02d,26.04,66,68,2,67,7659,0.0215584941987131,0.0107792470993565
6.02d,26.04,68,70,2,69,10125,0.028499772001824,0.014249886000912
6.02d,26.04,70,72,2,71,15209,0.0428101760371102,0.0214050880185551
6.02d,26.04,72,74,2,73,19779,0.0556737768320076,0.0278368884160038
6.02d,26.04,74,76,2,75,23919,0.06732701693942,0.03366350846971
6.02d,26.04,76,78,2,77,28142,0.0792138848074401,0.03960694240372
6.02d,26.04,78,80,2,79,33416,0.0940590993790568,0.0470295496895284
6.02d,26.04,80,82,2,81,37835,0.106497666537186,0.0532488332685931
6.02d,26.04,82,84,2,83,38438,0.108194986291962,0.0540974931459808
6.02d,26.04,84,86,2,85,39234,0.110435560959957,0.0552177804799784
6.02d,26.04,86,88,2,87,41899,0.117936982430066,0.0589684912150332
6.02d,26.04,88,90,2,89,40495,0.113985014045814,0.0569925070229068
5.6d,36,0,2,2,1,3,8.9448371890551e-06,4.47241859452755e-06
5.6d,36,2,4,2,3,7,2.08712867744619e-05,1.04356433872309e-05
5.6d,36,4,6,2,5,15,4.47241859452755e-05,2.23620929726377e-05
5.6d,36,6,8,2,7,16,4.77057983416272e-05,2.38528991708136e-05
5.6d,36,8,10,2,9,21,6.26138603233857e-05,3.13069301616928e-05
5.6d,36,10,12,2,11,19,5.66506355306823e-05,2.83253177653411e-05
5.6d,36,12,14,2,13,38,0.000113301271061365,5.66506355306823e-05
5.6d,36,14,16,2,15,28,8.34851470978476e-05,4.17425735489238e-05
5.6d,36,16,18,2,17,36,0.000107338046268661,5.36690231343306e-05
5.6d,36,18,20,2,19,42,0.000125227720646771,6.26138603233857e-05
5.6d,36,20,22,2,21,47,0.00014013578262853,7.00678913142649e-05
5.6d,36,22,24,2,23,35,0.000104356433872309,5.21782169361547e-05
5.6d,36,24,26,2,25,52,0.000155043844610288,7.75219223051442e-05
5.6d,36,26,28,2,27,39,0.000116282883457716,5.81414417288581e-05
5.6d,36,28,30,2,29,49,0.000146099007421233,7.30495037106166e-05
5.6d,36,30,32,2,31,47,0.00014013578262853,7.00678913142649e-05
5.6d,36,32,34,2,33,62,0.000184859968573805,9.24299842869027e-05
5.6d,36,34,36,2,35,58,0.000172933518988399,8.64667594941993e-05
5.6d,36,36,38,2,37,65,0.00019380480576286,9.69024028814302e-05
5.6d,36,38,40,2,39,63,0.000187841580970157,9.39207904850785e-05
5.6d,36,40,42,2,41,120,0.000357793487562204,0.000178896743781102
5.6d,36,42,44,2,43,146,0.000435315409867348,0.000217657704933674
5.6d,36,44,46,2,45,152,0.000453205084245458,0.000226602542122729
5.6d,36,46,48,2,47,197,0.000587377642081285,0.000293688821040642
5.6d,36,48,50,2,49,276,0.000822925021393069,0.000411462510696534
5.6d,36,50,52,2,51,249,0.000742421486691573,0.000371210743345787
5.6d,36,52,54,2,53,381,0.00113599432301,0.000567997161504999
5.6d,36,54,56,2,55,612,0.00182474678656724,0.00091237339328362
5.6d,36,56,58,2,57,856,0.00255226021127705,0.00127613010563853
5.6d,36,58,60,2,59,1358,0.00404902963424561,0.0020245148171228
5.6d,36,60,62,2,61,2029,0.0060496915521976,0.0030248457760988
5.6d,36,62,64,2,63,3331,0.00993175089224751,0.00496587544612375
5.6d,36,64,66,2,65,6181,0.0184293462218499,0.00921467311092493
5.6d,36,66,68,2,67,9202,0.0274367972712283,0.0137183986356142
5.6d,36,68,70,2,69,13208,0.0393811365310132,0.0196905682655066
5.6d,36,70,72,2,71,18343,0.0546917161862792,0.0273458580931396
5.6d,36,72,74,2,73,22500,0.0670862789179132,0.0335431394589566
5.6d,36,74,76,2,75,25960,0.0774026578092901,0.0387013289046451
5.6d,36,76,78,2,77,30105,0.0897614411921679,0.044880720596084
5.6d,36,78,80,2,79,32967,0.0982948158705265,0.0491474079352632
5.6d,36,80,82,2,81,34135,0.101777339149465,0.0508886695747326
5.6d,36,82,84,2,83,34239,0.102087426838686,0.0510437134193429
5.6d,36,84,86,2,85,33663,0.100370018098387,0.0501850090491936
5.6d,36,86,88,2,87,32197,0.0959989743253356,0.0479994871626678
5.6d,36,88,90,2,89,32240,0.0961271836583788,0.0480635918291894
5.25d,43.75,0,2,2,1,5,1.57617330340706e-05,7.88086651703528e-06
5.25d,43.75,2,4,2,3,9,2.8371119461327e-05,1.41855597306635e-05
5.25d,43.75,4,6,2,5,19,5.98945855294681e-05,2.99472927647341e-05
5.25d,43.75,6,8,2,7,22,6.93516253499105e-05,3.46758126749552e-05
5.25d,43.75,8,10,2,9,29,9.14180515976093e-05,4.57090257988046e-05
5.25d,43.75,10,12,2,11,34,0.00010717978463168,5.35898923158399e-05
5.25d,43.75,12,14,2,13,47,0.000148160290520263,7.40801452601316e-05
5.25d,43.75,14,16,2,15,48,0.000151312637127077,7.56563185635387e-05
5.25d,43.75,16,18,2,17,53,0.000167074370161148,8.3537185080574e-05
5.25d,43.75,18,20,2,19,51,0.00016076967694752,8.03848384737599e-05
5.25d,43.75,20,22,2,21,59,0.000185988449802033,9.29942249010163e-05
5.25d,43.75,22,24,2,23,48,0.000151312637127077,7.56563185635387e-05
5.25d,43.75,24,26,2,25,76,0.000239578342117873,0.000119789171058936
5.25d,43.75,26,28,2,27,72,0.000226968955690616,0.000113484477845308
5.25d,43.75,28,30,2,29,62,0.000195445489622475,9.77227448112375e-05
5.25d,43.75,30,32,2,31,92,0.000290015887826898,0.000145007943913449
5.25d,43.75,32,34,2,33,88,0.000277406501399642,0.000138703250699821
5.25d,43.75,34,36,2,35,59,0.000185988449802033,9.29942249010163e-05
5.25d,43.75,36,38,2,37,71,0.000223816609083802,0.000111908304541901
5.25d,43.75,38,40,2,39,78,0.000245883035331501,0.00012294151766575
5.25d,43.75,40,42,2,41,79,0.000249035381938315,0.000124517690969157
5.25d,43.75,42,44,2,43,85,0.0002679494615792,0.0001339747307896
5.25d,43.75,44,46,2,45,97,0.000305777620860969,0.000152888810430484
5.25d,43.75,46,48,2,47,120,0.000378281592817693,0.000189140796408847
5.25d,43.75,48,50,2,49,151,0.000476004337628931,0.000238002168814465
5.25d,43.75,50,52,2,51,184,0.000580031775653797,0.000290015887826898
5.25d,43.75,52,54,2,53,224,0.000706125639926361,0.000353062819963181
5.25d,43.75,54,56,2,55,372,0.00117267293773485,0.000586336468867425
5.25d,43.75,56,58,2,57,593,0.00186934153784077,0.000934670768920384
5.25d,43.75,58,60,2,59,986,0.00310821375431871,0.00155410687715936
5.25d,43.75,60,62,2,61,1858,0.00585705999546062,0.00292852999773031
5.25d,43.75,62,64,2,63,3194,0.0100685950621643,0.00503429753108214
5.25d,43.75,64,66,2,65,5196,0.0163795929690061,0.00818979648450306
5.25d,43.75,66,68,2,67,8046,0.0253637807984263,0.0126818903992132
5.25d,43.75,68,70,2,69,11764,0.0370842054825612,0.0185421027412806
5.25d,43.75,70,72,2,71,16414,0.0517426172042468,0.0258713086021234
5.25d,43.75,72,74,2,73,20876,0.0658083877638514,0.0329041938819257
5.25d,43.75,74,76,2,75,25076,0.0790482435124707,0.0395241217562353
5.25d,43.75,76,78,2,77,28567,0.0900530855168588,0.0450265427584294
5.25d,43.75,78,80,2,79,29795,0.0939241671500265,0.0469620835750132
5.25d,43.75,80,82,2,81,32495,0.102435502988425,0.0512177514942123
5.25d,43.75,82,84,2,83,32463,0.102334627897007,0.0511673139485033
5.25d,43.75,84,86,2,85,32652,0.102930421405694,0.0514652107028472
5.25d,43.75,86,88,2,87,32780,0.103333921771367,0.0516669608856833
5.25d,43.75,88,90,2,89,32135,0.101300658209972,0.0506503291049858
5d,48.98,0,2,2,1,4,1.21914422171357e-05,6.09572110856784e-06
5d,48.98,2,4,2,3,4,1.21914422171357e-05,6.09572110856784e-06
5d,48.98,4,6,2,5,14,4.26700477599749e-05,2.13350238799874e-05
5d,48.98,6,8,2,7,17,5.18136294228266e-05,2.59068147114133e-05
5d,48.98,8,10,2,9,35,0.000106675119399937,5.33375596999686e-05
5d,48.98,10,12,2,11,28,8.53400955199498e-05,4.26700477599749e-05
5d,48.98,12,14,2,13,34,0.000103627258845653,5.18136294228266e-05
5d,48.98,14,16,2,15,45,0.000137153724942776,6.85768624713882e-05
5d,48.98,16,18,2,17,32,9.75315377370854e-05,4.87657688685427e-05
5d,48.98,18,20,2,19,44,0.000134105864388493,6.70529321942463e-05
5d,48.98,20,22,2,21,55,0.000167632330485616,8.38161652428078e-05
5d,48.98,22,24,2,23,49,0.000149345167159912,7.46725835799561e-05
5d,48.98,24,26,2,25,61,0.000185919493811319,9.29597469056596e-05
5d,48.98,26,28,2,27,64,0.000195063075474171,9.75315377370854e-05
5d,48.98,28,30,2,29,64,0.000195063075474171,9.75315377370854e-05
5d,48.98,30,32,2,31,64,0.000195063075474171,9.75315377370854e-05
5d,48.98,32,34,2,33,82,0.000249924565451281,0.000124962282725641
5d,48.98,34,36,2,35,78,0.000237733123234146,0.000118866561617073
5d,48.98,36,38,2,37,80,0.000243828844342714,0.000121914422171357
5d,48.98,38,40,2,39,76,0.000231637402125578,0.000115818701062789
5d,48.98,40,42,2,41,98,0.000298690334319824,0.000149345167159912
5d,48.98,42,44,2,43,71,0.000216398099354158,0.000108199049677079
5d,48.98,44,46,2,45,64,0.000195063075474171,9.75315377370854e-05
5d,48.98,46,48,2,47,74,0.00022554168101701,0.000112770840508505
5d,48.98,48,50,2,49,109,0.000332216800416947,0.000166108400208474
5d,48.98,50,52,2,51,134,0.000408413314274045,0.000204206657137023
5d,48.98,52,54,2,53,237,0.000722342951365289,0.000361171475682645
5d,48.98,54,56,2,55,382,0.00116428273173646,0.000582141365868229
5d,48.98,56,58,2,57,570,0.00173728051594183,0.000868640257970917
5d,48.98,58,60,2,59,1170,0.00356599684851219,0.00178299842425609
5d,48.98,60,62,2,61,2013,0.00613534329577353,0.00306767164788677
5d,48.98,62,64,2,63,3635,0.0110789731148221,0.00553948655741103
5d,48.98,64,66,2,65,5537,0.0168760038890701,0.00843800194453503
5d,48.98,66,68,2,67,9422,0.0287169421424631,0.0143584710712315
5d,48.98,68,70,2,69,14701,0.0448065980085279,0.022403299004264
5d,48.98,70,72,2,71,20173,0.0614844909615695,0.0307422454807848
5d,48.98,72,74,2,73,24235,0.0738649005330708,0.0369324502665354
5d,48.98,74,76,2,75,27744,0.0845598432180531,0.0422799216090265
5d,48.98,76,78,2,77,30708,0.0935937019009506,0.0467968509504753
5d,48.98,78,80,2,79,31673,0.0965348873358346,0.0482674436679173
5d,48.98,80,82,2,81,33165,0.101082295282826,0.0505411476414131
5d,48.98,82,84,2,83,32003,0.0975406813187483,0.0487703406593742
5d,48.98,84,86,2,85,30872,0.0940935510318532,0.0470467755159266
5d,48.98,86,88,2,87,29389,0.0895735738298501,0.0447867869149251
5d,48.98,88,90,2,89,28990,0.0883574774686909,0.0441787387343454
