sample,diameter_mm,cold_reduction_percent,variant,ratio_name,ratio_threshold,grain_count,selected_grain_count,selected_grain_count_percent,selected_grain_area_percent
7d,7,0,denoised,basal_to_prismatic,0.15,3167,1999,63.1196716135144,59.046560660879
7d,7,0,denoised,basal_to_prismatic,0.2,3167,1661,52.4471108304389,49.0403496018517
7d,7,0,denoised,basal_to_prismatic,0.25,3167,1349,42.5955162614462,38.8979408807449
7d,7,0,denoised,basal_to_prismatic,0.3,3167,1090,34.4174297442375,31.096516515011
7d,7,0,denoised,basal_to_prismatic,0.4,3167,644,20.3347016103568,17.9764202575222
7d,7,0,denoised,basal_to_prismatic,0.5,3167,380,11.9987369750553,10.2262440918346
7d,7,0,denoised,basal_to_prismatic,0.75,3167,93,2.93653299652668,2.34599776624693
7d,7,0,denoised,basal_to_prismatic,1,3167,24,0.757814966845595,0.74699822023914
7d,7,0,denoised,ca_to_best_a,0.15,3167,3167,100,100
7d,7,0,denoised,ca_to_best_a,0.2,3167,2201,69.4979475844648,65.3311497143749
7d,7,0,denoised,ca_to_best_a,0.25,3167,91,2.87338174928955,2.37719232279682
7d,7,0,denoised,ca_to_best_a,0.3,3167,7,0.221029365329965,0.197194161047469
7d,7,0,denoised,ca_to_best_a,0.4,3167,1,0.0315756236185665,0.0130905728378969
7d,7,0,denoised,ca_to_best_a,0.5,3167,0,0,0
7d,7,0,denoised,ca_to_best_a,0.75,3167,0,0,0
7d,7,0,denoised,ca_to_best_a,1,3167,0,0,0
7d,7,0,raw,basal_to_prismatic,0.15,3160,1996,63.1645569620253,59.0459380760441
7d,7,0,raw,basal_to_prismatic,0.2,3160,1658,52.4683544303797,49.0463017093562
7d,7,0,raw,basal_to_prismatic,0.25,3160,1348,42.6582278481013,38.9028903253958
7d,7,0,raw,basal_to_prismatic,0.3,3160,1089,34.4620253164557,31.0993194462704
7d,7,0,raw,basal_to_prismatic,0.4,3160,643,20.3481012658228,17.9771917997891
7d,7,0,raw,basal_to_prismatic,0.5,3160,380,12.0253164556962,10.2259281740293
7d,7,0,raw,basal_to_prismatic,0.75,3160,93,2.94303797468354,2.34431599175391
7d,7,0,raw,basal_to_prismatic,1,3160,24,0.759493670886076,0.747406315471478
7d,7,0,raw,ca_to_best_a,0.15,3160,3160,100,100
7d,7,0,raw,ca_to_best_a,0.2,3160,2197,69.5253164556962,65.3362349406858
7d,7,0,raw,ca_to_best_a,0.25,3160,91,2.87974683544304,2.37648355398416
7d,7,0,raw,ca_to_best_a,0.3,3160,7,0.221518987341772,0.197480860300473
7d,7,0,raw,ca_to_best_a,0.4,3160,1,0.0316455696202532,0.0131467428245357
7d,7,0,raw,ca_to_best_a,0.5,3160,0,0,0
7d,7,0,raw,ca_to_best_a,0.75,3160,0,0,0
7d,7,0,raw,ca_to_best_a,1,3160,0,0,0
6.48d,6.48,14.31,denoised,basal_to_prismatic,0.15,5577,3402,61.0005379236148,60.7140273695146
6.48d,6.48,14.31,denoised,basal_to_prismatic,0.2,5577,2716,48.7000179307872,47.808860568039
6.48d,6.48,14.31,denoised,basal_to_prismatic,0.25,5577,2152,38.5870539716694,37.526879599124
6.48d,6.48,14.31,denoised,basal_to_prismatic,0.3,5577,1668,29.9085529854761,29.1417598821572
6.48d,6.48,14.31,denoised,basal_to_prismatic,0.4,5577,844,15.1335843643536,14.2654224782497
6.48d,6.48,14.31,denoised,basal_to_prismatic,0.5,5577,397,7.11852250313789,6.04174475724516
6.48d,6.48,14.31,denoised,basal_to_prismatic,0.75,5577,65,1.16550116550117,0.821019682113804
6.48d,6.48,14.31,denoised,basal_to_prismatic,1,5577,24,0.430338891877353,0.341296928327645
6.48d,6.48,14.31,denoised,ca_to_best_a,0.15,5577,5577,100,100
6.48d,6.48,14.31,denoised,ca_to_best_a,0.2,5577,3769,67.581136811906,68.2659617142443
6.48d,6.48,14.31,denoised,ca_to_best_a,0.25,5577,114,2.04410973641743,1.72621278778433
6.48d,6.48,14.31,denoised,ca_to_best_a,0.3,5577,12,0.215169445938677,0.159140378911927
6.48d,6.48,14.31,denoised,ca_to_best_a,0.4,5577,3,0.0537923614846692,0.0115080852518955
6.48d,6.48,14.31,denoised,ca_to_best_a,0.5,5577,0,0,0
6.48d,6.48,14.31,denoised,ca_to_best_a,0.75,5577,0,0,0
6.48d,6.48,14.31,denoised,ca_to_best_a,1,5577,0,0,0
6.48d,6.48,14.31,raw,basal_to_prismatic,0.15,5258,3206,60.9737542791936,60.7132843036235
6.48d,6.48,14.31,raw,basal_to_prismatic,0.2,5258,2543,48.364397109167,47.8563296634243
6.48d,6.48,14.31,raw,basal_to_prismatic,0.25,5258,2012,38.2655001901864,37.4915121397513
6.48d,6.48,14.31,raw,basal_to_prismatic,0.3,5258,1566,29.7831875237733,29.0148001256708
6.48d,6.48,14.31,raw,basal_to_prismatic,0.4,5258,801,15.2339292506657,14.2805503849518
6.48d,6.48,14.31,raw,basal_to_prismatic,0.5,5258,379,7.20806390262457,6.18862136880045
6.48d,6.48,14.31,raw,basal_to_prismatic,0.75,5258,61,1.16013693419551,0.818888487252158
6.48d,6.48,14.31,raw,basal_to_prismatic,1,5258,23,0.437428680106504,0.341541361638586
6.48d,6.48,14.31,raw,ca_to_best_a,0.15,5258,5258,100,99.9999999999999
6.48d,6.48,14.31,raw,ca_to_best_a,0.2,5258,3556,67.6302776721187,68.2798950039016
6.48d,6.48,14.31,raw,ca_to_best_a,0.25,5258,109,2.07303157093952,1.73574630672508
6.48d,6.48,14.31,raw,ca_to_best_a,0.3,5258,11,0.209205020920502,0.157426582120258
6.48d,6.48,14.31,raw,ca_to_best_a,0.4,5258,2,0.0380372765310004,0.00945910793855628
6.48d,6.48,14.31,raw,ca_to_best_a,0.5,5258,0,0,0
6.48d,6.48,14.31,raw,ca_to_best_a,0.75,5258,0,0,0
6.48d,6.48,14.31,raw,ca_to_best_a,1,5258,0,0,0
6.02d,6.02,26.04,denoised,basal_to_prismatic,0.15,3435,2072,60.3202328966521,59.8926536278775
6.02d,6.02,26.04,denoised,basal_to_prismatic,0.2,3435,1652,48.0931586608442,46.9480636410635
6.02d,6.02,26.04,denoised,basal_to_prismatic,0.25,3435,1282,37.3216885007278,35.7896754631055
6.02d,6.02,26.04,denoised,basal_to_prismatic,0.3,3435,973,28.3260553129549,27.4799161211248
6.02d,6.02,26.04,denoised,basal_to_prismatic,0.4,3435,544,15.8369723435226,13.934407184307
6.02d,6.02,26.04,denoised,basal_to_prismatic,0.5,3435,283,8.23871906841339,7.06522686215168
6.02d,6.02,26.04,denoised,basal_to_prismatic,0.75,3435,37,1.07714701601164,0.854472475065783
6.02d,6.02,26.04,denoised,basal_to_prismatic,1,3435,12,0.349344978165939,0.223347835936638
6.02d,6.02,26.04,denoised,ca_to_best_a,0.15,3435,3435,100,100
6.02d,6.02,26.04,denoised,ca_to_best_a,0.2,3435,2290,66.6666666666667,66.4002369984839
6.02d,6.02,26.04,denoised,ca_to_best_a,0.25,3435,74,2.15429403202329,1.81379354411483
6.02d,6.02,26.04,denoised,ca_to_best_a,0.3,3435,5,0.145560407569141,0.117047045360813
6.02d,6.02,26.04,denoised,ca_to_best_a,0.4,3435,3,0.0873362445414847,0.0958449751093503
6.02d,6.02,26.04,denoised,ca_to_best_a,0.5,3435,0,0,0
6.02d,6.02,26.04,denoised,ca_to_best_a,0.75,3435,0,0,0
6.02d,6.02,26.04,denoised,ca_to_best_a,1,3435,0,0,0
6.02d,6.02,26.04,raw,basal_to_prismatic,0.15,3374,2041,60.4919976289271,60.0309509169063
6.02d,6.02,26.04,raw,basal_to_prismatic,0.2,3374,1625,48.1624184943687,46.9618379901911
6.02d,6.02,26.04,raw,basal_to_prismatic,0.25,3374,1262,37.4036751630113,35.7603716463712
6.02d,6.02,26.04,raw,basal_to_prismatic,0.3,3374,961,28.4825133372851,27.5586728764641
6.02d,6.02,26.04,raw,basal_to_prismatic,0.4,3374,539,15.9751037344398,13.973220984251
6.02d,6.02,26.04,raw,basal_to_prismatic,0.5,3374,279,8.26911677534084,7.01779677722109
6.02d,6.02,26.04,raw,basal_to_prismatic,0.75,3374,37,1.09662122110255,0.855269158235094
6.02d,6.02,26.04,raw,basal_to_prismatic,1,3374,12,0.3556609365738,0.223599779930743
6.02d,6.02,26.04,raw,ca_to_best_a,0.15,3374,3374,100,100
6.02d,6.02,26.04,raw,ca_to_best_a,0.2,3374,2254,66.804979253112,66.3867746614376
6.02d,6.02,26.04,raw,ca_to_best_a,0.25,3374,70,2.0746887966805,1.81115821743902
6.02d,6.02,26.04,raw,ca_to_best_a,0.3,3374,5,0.14819205690575,0.116507253753387
6.02d,6.02,26.04,raw,ca_to_best_a,0.4,3374,3,0.0889152341434499,0.0959125371808189
6.02d,6.02,26.04,raw,ca_to_best_a,0.5,3374,0,0,0
6.02d,6.02,26.04,raw,ca_to_best_a,0.75,3374,0,0,0
6.02d,6.02,26.04,raw,ca_to_best_a,1,3374,0,0,0
5.6d,5.6,36,denoised,basal_to_prismatic,0.15,8143,5312,65.2339432641533,65.4916045202911
5.6d,5.6,36,denoised,basal_to_prismatic,0.2,8143,4311,52.9411764705882,52.5674459745927
5.6d,5.6,36,denoised,basal_to_prismatic,0.25,8143,3379,41.495763232224,40.9697122203415
5.6d,5.6,36,denoised,basal_to_prismatic,0.3,8143,2581,31.6959351590323,30.5592411279378
5.6d,5.6,36,denoised,basal_to_prismatic,0.4,8143,1333,16.3698882475746,15.160665538119
5.6d,5.6,36,denoised,basal_to_prismatic,0.5,8143,542,6.65602357853371,5.95690167909595
5.6d,5.6,36,denoised,basal_to_prismatic,0.75,8143,75,0.921036473044333,0.616507297433318
5.6d,5.6,36,denoised,basal_to_prismatic,1,8143,20,0.245609726145155,0.170425950496409
5.6d,5.6,36,denoised,ca_to_best_a,0.15,8143,8143,100,100
5.6d,5.6,36,denoised,ca_to_best_a,0.2,8143,5908,72.5531131032789,74.0254838266918
5.6d,5.6,36,denoised,ca_to_best_a,0.25,8143,194,2.38241434360801,2.34974302664288
5.6d,5.6,36,denoised,ca_to_best_a,0.3,8143,3,0.0368414589217733,0.0125817815802718
5.6d,5.6,36,denoised,ca_to_best_a,0.4,8143,0,0,0
5.6d,5.6,36,denoised,ca_to_best_a,0.5,8143,0,0,0
5.6d,5.6,36,denoised,ca_to_best_a,0.75,8143,0,0,0
5.6d,5.6,36,denoised,ca_to_best_a,1,8143,0,0,0
5.6d,5.6,36,raw,basal_to_prismatic,0.15,6926,4523,65.3046491481375,65.5663845114448
5.6d,5.6,36,raw,basal_to_prismatic,0.2,6926,3681,53.1475599191453,52.6849923813985
5.6d,5.6,36,raw,basal_to_prismatic,0.25,6926,2870,41.4380594859948,40.9950592033121
5.6d,5.6,36,raw,basal_to_prismatic,0.3,6926,2191,31.6344210222351,30.3039637264204
5.6d,5.6,36,raw,basal_to_prismatic,0.4,6926,1136,16.4019636153624,15.1587585170218
5.6d,5.6,36,raw,basal_to_prismatic,0.5,6926,473,6.82933872365002,5.98727631908595
5.6d,5.6,36,raw,basal_to_prismatic,0.75,6926,65,0.938492636442391,0.671094080490221
5.6d,5.6,36,raw,basal_to_prismatic,1,6926,15,0.216575223794398,0.16756816697675
5.6d,5.6,36,raw,ca_to_best_a,0.15,6926,6926,100,100.000000000001
5.6d,5.6,36,raw,ca_to_best_a,0.2,6926,5043,72.8125902396766,74.3238747674381
5.6d,5.6,36,raw,ca_to_best_a,0.25,6926,168,2.42564250649726,2.36320400192211
5.6d,5.6,36,raw,ca_to_best_a,0.3,6926,2,0.0288766965059197,0.00985695099863238
5.6d,5.6,36,raw,ca_to_best_a,0.4,6926,0,0,0
5.6d,5.6,36,raw,ca_to_best_a,0.5,6926,0,0,0
5.6d,5.6,36,raw,ca_to_best_a,0.75,6926,0,0,0
5.6d,5.6,36,raw,ca_to_best_a,1,6926,0,0,0
5.25d,5.25,43.75,denoised,basal_to_prismatic,0.15,11240,6994,62.2241992882562,62.9554023168138
5.25d,5.25,43.75,denoised,basal_to_prismatic,0.2,11240,5657,50.3291814946619,51.7615401144736
5.25d,5.25,43.75,denoised,basal_to_prismatic,0.25,11240,4421,39.3327402135231,40.4841671387551
5.25d,5.25,43.75,denoised,basal_to_prismatic,0.3,11240,3283,29.2081850533808,28.6524975093278
5.25d,5.25,43.75,denoised,basal_to_prismatic,0.4,11240,1612,14.3416370106762,12.7922877068235
5.25d,5.25,43.75,denoised,basal_to_prismatic,0.5,11240,641,5.70284697508897,4.28835146803148
5.25d,5.25,43.75,denoised,basal_to_prismatic,0.75,11240,56,0.498220640569395,0.203649078939657
5.25d,5.25,43.75,denoised,basal_to_prismatic,1,11240,15,0.133451957295374,0.0463948740989627
5.25d,5.25,43.75,denoised,ca_to_best_a,0.15,11240,11240,100,100
5.25d,5.25,43.75,denoised,ca_to_best_a,0.2,11240,8093,72.0017793594306,73.3024359750739
5.25d,5.25,43.75,denoised,ca_to_best_a,0.25,11240,268,2.38434163701068,2.10290871442245
5.25d,5.25,43.75,denoised,ca_to_best_a,0.3,11240,5,0.0444839857651246,0.013185911586021
5.25d,5.25,43.75,denoised,ca_to_best_a,0.4,11240,1,0.00889679715302491,0.00244183547889277
5.25d,5.25,43.75,denoised,ca_to_best_a,0.5,11240,0,0,0
5.25d,5.25,43.75,denoised,ca_to_best_a,0.75,11240,0,0,0
5.25d,5.25,43.75,denoised,ca_to_best_a,1,11240,0,0,0
5.25d,5.25,43.75,raw,basal_to_prismatic,0.15,8327,5176,62.1592410231776,62.9985976044323
5.25d,5.25,43.75,raw,basal_to_prismatic,0.2,8327,4186,50.2702053560706,51.8702439248682
5.25d,5.25,43.75,raw,basal_to_prismatic,0.25,8327,3255,39.0897081782154,40.7344184656411
5.25d,5.25,43.75,raw,basal_to_prismatic,0.3,8327,2419,29.0500780593251,28.5801319631238
5.25d,5.25,43.75,raw,basal_to_prismatic,0.4,8327,1151,13.8225051038789,12.5387957790192
5.25d,5.25,43.75,raw,basal_to_prismatic,0.5,8327,452,5.42812537528522,4.00429914706761
5.25d,5.25,43.75,raw,basal_to_prismatic,0.75,8327,37,0.444337696649454,0.171276179966434
5.25d,5.25,43.75,raw,basal_to_prismatic,1,8327,9,0.108082142428245,0.0327608800606938
5.25d,5.25,43.75,raw,ca_to_best_a,0.15,8327,8327,100,100
5.25d,5.25,43.75,raw,ca_to_best_a,0.2,8327,5997,72.0187342380209,73.4952985263351
5.25d,5.25,43.75,raw,ca_to_best_a,0.25,8327,183,2.19767022937432,1.96450329907809
5.25d,5.25,43.75,raw,ca_to_best_a,0.3,8327,1,0.0120091269364717,0.00287376140883279
5.25d,5.25,43.75,raw,ca_to_best_a,0.4,8327,0,0,0
5.25d,5.25,43.75,raw,ca_to_best_a,0.5,8327,0,0,0
5.25d,5.25,43.75,raw,ca_to_best_a,0.75,8327,0,0,0
5.25d,5.25,43.75,raw,ca_to_best_a,1,8327,0,0,0
5d,5,48.98,denoised,basal_to_prismatic,0.15,10547,7059,66.9289845453684,68.288025365257
5d,5,48.98,denoised,basal_to_prismatic,0.2,10547,5828,55.2574191713283,56.0310039813369
5d,5,48.98,denoised,basal_to_prismatic,0.25,10547,4658,44.16421731298,44.2815579455588
5d,5,48.98,denoised,basal_to_prismatic,0.3,10547,3505,33.2321987294965,32.991496874381
5d,5,48.98,denoised,basal_to_prismatic,0.4,10547,1718,16.2889921304636,15.6019744545931
5d,5,48.98,denoised,basal_to_prismatic,0.5,10547,635,6.02066938465915,5.05323461060373
5d,5,48.98,denoised,basal_to_prismatic,0.75,10547,49,0.464587086375273,0.317516078473764
5d,5,48.98,denoised,basal_to_prismatic,1,10547,9,0.085332321987295,0.0549460447855308
5d,5,48.98,denoised,ca_to_best_a,0.15,10547,10547,100,100.000000000002
5d,5,48.98,denoised,ca_to_best_a,0.2,10547,7958,75.4527353749882,77.6329063755439
5d,5,48.98,denoised,ca_to_best_a,0.25,10547,227,2.15227078790177,2.05462177304583
5d,5,48.98,denoised,ca_to_best_a,0.3,10547,3,0.0284441073290983,0.00900754832549685
5d,5,48.98,denoised,ca_to_best_a,0.4,10547,1,0.00948136910969944,0.00450377416274842
5d,5,48.98,denoised,ca_to_best_a,0.5,10547,0,0,0
5d,5,48.98,denoised,ca_to_best_a,0.75,10547,0,0,0
5d,5,48.98,denoised,ca_to_best_a,1,10547,0,0,0
5d,5,48.98,raw,basal_to_prismatic,0.15,8655,5843,67.5101097631427,68.7363417557075
5d,5,48.98,raw,basal_to_prismatic,0.2,8655,4800,55.4592720970537,56.2110393860964
5d,5,48.98,raw,basal_to_prismatic,0.25,8655,3859,44.5869439630272,44.3680198189306
5d,5,48.98,raw,basal_to_prismatic,0.3,8655,2905,33.5644136337377,32.9827087886081
5d,5,48.98,raw,basal_to_prismatic,0.4,8655,1423,16.4413633737724,15.7232197705918
5d,5,48.98,raw,basal_to_prismatic,0.5,8655,512,5.9156556903524,4.95523620580267
5d,5,48.98,raw,basal_to_prismatic,0.75,8655,38,0.439052570768342,0.301614316357667
5d,5,48.98,raw,basal_to_prismatic,1,8655,7,0.0808781051415367,0.0493459148631909
5d,5,48.98,raw,ca_to_best_a,0.15,8655,8655,100,100
5d,5,48.98,raw,ca_to_best_a,0.2,8655,6595,76.1987290583478,77.9599995971762
5d,5,48.98,raw,ca_to_best_a,0.25,8655,187,2.16060080878105,2.08914490578958
5d,5,48.98,raw,ca_to_best_a,0.3,8655,2,0.0231080300404391,0.00604235692202337
5d,5,48.98,raw,ca_to_best_a,0.4,8655,1,0.0115540150202195,0.00352470820451364
5d,5,48.98,raw,ca_to_best_a,0.5,8655,0,0,0
5d,5,48.98,raw,ca_to_best_a,0.75,8655,0,0,0
5d,5,48.98,raw,ca_to_best_a,1,8655,0,0,0
