sample,diameter_mm,cold_reduction_percent,variant,family,display_name,source_crss_mpa,grain_count,count_weighted_mean_schmid,area_weighted_mean_schmid,count_weighted_median_schmid,area_weighted_q10_schmid,area_weighted_q25_schmid,area_weighted_median_schmid,area_weighted_q75_schmid,area_weighted_q90_schmid,area_weighted_q95_schmid,area_weighted_trimmed_mean_q05_q95_schmid,count_fraction_schmid_ge_0_40_percent,area_fraction_schmid_ge_0_40_percent,area_weighted_mean_drive_per_mpa,area_weighted_q25_activation_stress_mpa,area_weighted_median_activation_stress_mpa,area_weighted_q75_activation_stress_mpa
7d,7,0,denoised,prismatic_a,Prismatic <a>,154,3167,0.448967322708728,0.451946355423268,0.457077193478617,0.404672743279721,0.435689152019028,0.45931008762938,0.480923202970708,0.49262451276317,0.496088688571153,0.456129941821225,89.4853173350174,91.074457507165,0.00293471659365758,320.217446462819,335.285473033772,353.463012072594
7d,7,0,denoised,basal_a,Basal <a>,252,3167,0.176704438320975,0.166109511877157,0.160247324908053,0.0271931742051353,0.0688595653549538,0.147122231633786,0.246579920046505,0.338686750656448,0.380943474092767,0.160517594815385,4.6100410483107,3.57372638474586,0.000659164729671256,1021.98102729724,1712.86145677339,3659.6222863302
7d,7,0,denoised,pyramidal_ca,Pyramidal <c+a>,756,3167,0.464058508065753,0.463661278739301,0.46809183261977,0.432058521363932,0.446068641490975,0.467214191238921,0.484951951541105,0.494498337288821,0.497128246208648,0.465478364585946,97.600252604989,98.0754072700029,0.00061330856976098,1558.91732695898,1618.10153496258,1694.80642591931
7d,7,0,raw,prismatic_a,Prismatic <a>,154,3160,0.448933420755668,0.451943736657211,0.457062922549278,0.404672743279721,0.435680969219479,0.45931008762938,0.480894332943883,0.49262451276317,0.496089198550832,0.456126013194097,89.4936708860759,91.0747602118024,0.00293469958868319,320.236670407947,335.285473033772,353.469650684744
7d,7,0,raw,basal_a,Basal <a>,252,3160,0.176828527428919,0.166119195881672,0.160287944997493,0.0271918822189932,0.0688595653549538,0.147129762822668,0.246579920046505,0.338686223382836,0.380312985275928,0.160465251629383,4.62025316455696,3.57143856135473,0.000659203158260604,1021.98102729724,1712.77377986213,3659.6222863302
7d,7,0,raw,pyramidal_ca,Pyramidal <c+a>,756,3160,0.46405809504447,0.463665995802439,0.468157228313756,0.432059689862603,0.446070034863411,0.467214191238921,0.484951951541105,0.494498337288821,0.497128246208648,0.465478191420739,97.5949367088608,98.0758203427663,0.000613314809262486,1558.91732695898,1618.10153496258,1694.80113191529
6.48d,6.48,14.31,denoised,prismatic_a,Prismatic <a>,154,5577,0.453341794533104,0.454410310643541,0.45904826553304,0.415025493829564,0.437508962180435,0.458866811887152,0.47895650026829,0.492140662061261,0.496070863042754,0.457099426480455,93.2759548144164,94.2360933009792,0.00295071630288013,321.532331044126,335.609366401231,351.992789433393
6.48d,6.48,14.31,denoised,basal_a,Basal <a>,252,5577,0.161440700259693,0.158439291392666,0.147931121248122,0.0282409121601819,0.0719055272848717,0.144217522524295,0.232221711943809,0.307240064528971,0.343046666867172,0.154344488456693,1.8110095033172,1.34710357934331,0.000628727346796294,1085.16984863576,1747.36048428199,3504.59845738477
6.48d,6.48,14.31,denoised,pyramidal_ca,Pyramidal <c+a>,756,5577,0.46613673746938,0.467222703205321,0.470159640599443,0.43444466946501,0.451080467814689,0.471850420237737,0.486626648450049,0.495059748241953,0.497739984832691,0.468631060517764,99.0496682804375,99.3348326724404,0.000618019448684287,1553.55240492466,1602.20266333364,1675.97591547807
6.48d,6.48,14.31,raw,prismatic_a,Prismatic <a>,154,5258,0.453354883904813,0.454408437584837,0.459272476705323,0.41502511661299,0.437536468014091,0.458810533015616,0.478902363736438,0.492247058183512,0.496069054167721,0.457065630949817,93.1342715861544,94.279604474158,0.00295070414016128,321.568678004591,335.65053310308,351.970661323345
6.48d,6.48,14.31,raw,basal_a,Basal <a>,252,5258,0.161362693903992,0.158456147589813,0.146836703169225,0.0282014366703392,0.0724607862718048,0.14434852421153,0.231774054930214,0.307568531333837,0.342316170884603,0.154376044332749,1.84480791175352,1.34893635709483,0.000628794236467511,1087.26578596503,1745.77468925637,3477.74310721295
6.48d,6.48,14.31,raw,pyramidal_ca,Pyramidal <c+a>,756,5258,0.466110843421666,0.467245910636155,0.47019779055506,0.434216722911066,0.451134356856432,0.472004411327685,0.486592582229133,0.49500882610665,0.497738804355206,0.468698841678767,99.0300494484595,99.3341463661823,0.000618050146344121,1553.66116872699,1601.67994590024,1675.77571628088
6.02d,6.02,26.04,denoised,prismatic_a,Prismatic <a>,154,3435,0.453726868546531,0.455641777180239,0.459318659130006,0.415724735407271,0.437797324400847,0.460716394703768,0.481317691322059,0.492974183785443,0.496285202678722,0.458561452795491,92.7219796215429,93.6469303468426,0.00295871283883272,319.954995996513,334.262035756333,351.760943744365
6.02d,6.02,26.04,denoised,basal_a,Basal <a>,252,3435,0.161508314719077,0.157472927402807,0.145634066441825,0.0283300305321131,0.0697509404183155,0.143087615931583,0.232009467825759,0.305923518229628,0.354369604788858,0.152739423005931,2.12518195050946,1.5070896237649,0.000624892569058758,1086.16257069843,1761.15870237501,3612.85451477337
6.02d,6.02,26.04,denoised,pyramidal_ca,Pyramidal <c+a>,756,3435,0.46597632583602,0.466421552556354,0.469915021677998,0.434545717088568,0.450300701467706,0.470132224311037,0.485777333135913,0.493812242618184,0.497201584216037,0.467644733197707,99.2139737991266,99.4037280790924,0.000616959725603643,1556.26857910326,1608.05824597089,1678.87813084879
6.02d,6.02,26.04,raw,prismatic_a,Prismatic <a>,154,3374,0.453741556415089,0.455640164829573,0.459140540896915,0.41572778262191,0.437857121814112,0.460887054447617,0.481343337797732,0.492974183785443,0.496277427938715,0.458564574680586,92.7385892116183,93.6459415168892,0.0029587023690232,319.937948460218,334.138263407229,351.71290434184
6.02d,6.02,26.04,raw,basal_a,Basal <a>,252,3374,0.161856073016965,0.157524937654411,0.145692508972794,0.028326873743419,0.0697509404183155,0.143088043050418,0.232106734346782,0.306148952974728,0.354363102623824,0.152756443607863,2.1339656194428,1.50576799169151,0.000625098958946076,1085.70740400619,1761.15344530364,3612.85451477337
6.02d,6.02,26.04,raw,pyramidal_ca,Pyramidal <c+a>,756,3374,0.466035543679913,0.466431435371587,0.469962385548753,0.434545717088568,0.450439632077577,0.4700926475978,0.485777333135913,0.493819394602363,0.497205416630369,0.467654273435933,99.1997628927089,99.4018705886853,0.000616972798110565,1556.26857910326,1608.19362707161,1678.36030882336
5.6d,5.6,36,denoised,prismatic_a,Prismatic <a>,154,8143,0.451585723568642,0.450869963329022,0.45619048937338,0.411175421366763,0.433087731670079,0.454323661070571,0.474802424703294,0.489210131179831,0.493858331138924,0.452967030535017,93.2702935036228,93.8162449863506,0.00292772703460404,324.345437149432,338.965396689033,355.586152039318
5.6d,5.6,36,denoised,basal_a,Basal <a>,252,8143,0.168648534932562,0.165657478333747,0.160955254538403,0.0360507758905793,0.0829308575259053,0.160107201737846,0.235624391272169,0.299909392651597,0.33722641564968,0.162497558801802,1.54734127471448,1.06716383767214,0.000657370945768837,1069.4987842278,1573.91807713218,3038.67592254526
5.6d,5.6,36,denoised,pyramidal_ca,Pyramidal <c+a>,756,8143,0.468722993842075,0.469798102084716,0.474058223413822,0.437035238174228,0.45450855192343,0.475548681454265,0.488277721181375,0.495347883713743,0.497582211160173,0.47122096075277,99.2754513078718,99.5237986304921,0.000621426060958618,1548.29918959005,1589.74260571619,1663.33503913335
5.6d,5.6,36,raw,prismatic_a,Prismatic <a>,154,6926,0.45142068147924,0.450733565911174,0.456078680851147,0.411425638247876,0.433244869983101,0.4539789892643,0.474820935424139,0.489189395917841,0.493752673478358,0.452832127672024,93.1417845798441,93.8767798983922,0.00292684133708555,324.332792660959,339.222747399756,355.457180614757
5.6d,5.6,36,raw,basal_a,Basal <a>,252,6926,0.169110645303149,0.165776832476249,0.161149871053227,0.0361566871771446,0.0833133380821004,0.160406024332149,0.235477727294798,0.299836442951338,0.337131784956155,0.162581558127659,1.60265665607854,1.06496141414391,0.000657844573318447,1070.16490644365,1571.01331480038,3024.72576181822
5.6d,5.6,36,raw,pyramidal_ca,Pyramidal <c+a>,756,6926,0.46891140869909,0.469859456579862,0.474261073001816,0.437179841458573,0.45446498417564,0.475765125891516,0.488351311231039,0.495315413203755,0.497519310942883,0.471285524244451,99.3069592838579,99.5350804778988,0.00062150721769823,1548.06587514687,1589.01936871342,1663.49449643809
5.25d,5.25,43.75,denoised,prismatic_a,Prismatic <a>,154,11240,0.451682023872464,0.450773450180922,0.454848331649949,0.41299860276598,0.432702973886289,0.453333376234862,0.473137951429479,0.487928043564345,0.493231948824713,0.452180973826663,93.7277580071174,94.5708229962298,0.00292710032585014,325.486466546858,339.705850204632,355.902337848203
5.25d,5.25,43.75,denoised,basal_a,Basal <a>,252,11240,0.160896014457809,0.159611699665466,0.152062089099775,0.0328053634646111,0.0777178407401211,0.15541496285546,0.230119931486076,0.29493031911286,0.324996548726456,0.15669281130298,1.04982206405694,0.606063565861186,0.000633379760577246,1095.08115343433,1621.46549707937,3242.49873131006
5.25d,5.25,43.75,denoised,pyramidal_ca,Pyramidal <c+a>,756,11240,0.46932889005146,0.470289316489458,0.474760958700451,0.435687443437247,0.453997476073672,0.476275365422747,0.489344300259392,0.495780465900061,0.497677961355741,0.47156025920962,99.653024911032,99.8495829345001,0.000622075815462246,1544.92450325723,1587.31703313894,1665.20749528863
5.25d,5.25,43.75,raw,prismatic_a,Prismatic <a>,154,8327,0.451787500119667,0.450663818231676,0.454795229556004,0.413260645111483,0.432488985155176,0.452991683637242,0.472652208697956,0.487668774849315,0.49309605297918,0.451963884290409,94.0314639125736,94.7881463089409,0.00292638843007582,325.820967650259,339.962091055349,356.078432713715
5.25d,5.25,43.75,raw,basal_a,Basal <a>,252,8327,0.160196142319628,0.159055264390105,0.151220818625937,0.032723187307674,0.077987761800325,0.155951701142749,0.229151337859913,0.29190690708305,0.322239149301046,0.156130743954414,1.06881229734598,0.585097822838355,0.000631171684087718,1099.70992250569,1615.88490637453,3231.27621799437
5.25d,5.25,43.75,raw,pyramidal_ca,Pyramidal <c+a>,756,8327,0.469477332391511,0.470395895554828,0.47493255639371,0.435750700705092,0.453650262922199,0.476438595872325,0.4894042044443,0.495773385009035,0.497686024917687,0.471650899316172,99.6637444457788,99.8660827183485,0.000622216793061942,1544.73540099315,1586.77320970569,1666.4820056098
5d,5,48.98,denoised,prismatic_a,Prismatic <a>,154,10547,0.450159983166448,0.448409391535533,0.452948869740122,0.410225329781471,0.431410640497732,0.449813863025647,0.470457973176376,0.486104791833839,0.491982597917106,0.449847361440161,93.5052621598559,94.4292817380984,0.00291174929568528,327.340610172346,342.363836819363,356.968478622422
5d,5,48.98,denoised,basal_a,Basal <a>,252,10547,0.171309721336785,0.170945648060988,0.16784708253965,0.0377084567547336,0.0909998910317651,0.168197794348553,0.244935879684124,0.305706338897774,0.333757245008568,0.168887953583245,1.24205935337063,0.910663135707732,0.000678355746273764,1028.84069220478,1498.23605580573,2769.23408525879
5d,5,48.98,denoised,pyramidal_ca,Pyramidal <c+a>,756,10547,0.470389251322942,0.471170728369321,0.476189713752574,0.437210897258494,0.456296269934562,0.476959477378089,0.489029061345824,0.495892246303518,0.498068481802346,0.47256259053151,99.5923011282829,99.7302239276535,0.000623241704192223,1545.93973483808,1585.04989577362,1656.81827753801
5d,5,48.98,raw,prismatic_a,Prismatic <a>,154,8655,0.449698874838694,0.448129984788753,0.452454922234314,0.410352252048549,0.430800336216266,0.449527085623614,0.469725293021572,0.48551144336606,0.491676504514587,0.449502307952934,93.4835355285962,94.5769846624841,0.00290993496616074,327.851197897763,342.58224904593,357.474187120157
5d,5,48.98,raw,basal_a,Basal <a>,252,8655,0.171977907708122,0.171147326828873,0.168707627904117,0.0378720968882234,0.0916667920461643,0.168569147112492,0.244683675349752,0.305513001176425,0.332256151710712,0.169120156931174,1.16695551704217,0.883191170102417,0.000679156058844736,1029.90115560341,1494.93548681143,2749.08714895456
5d,5,48.98,raw,pyramidal_ca,Pyramidal <c+a>,756,8655,0.470652061774378,0.471317800262098,0.476530531014913,0.437353963352388,0.456572375950622,0.477134877434635,0.489064436072787,0.495973881623467,0.498133043175948,0.472725480718897,99.6418255343732,99.7507527769665,0.000623436243732934,1545.80857702662,1584.45763609802,1655.81633892314
