sample,cold_reduction_percent,true_strain,work_hardening_rate_MPa
7 M-1,0,0.0115,1476.943
7 M-1,0,0.012,1745.3698
7 M-1,0,0.0125,2036.3107
7 M-1,0,0.013,2746.655
7 M-1,0,0.0135,3078.9167
7 M-1,0,0.014,3412.0575
7 M-1,0,0.0145,3572.6707
7 M-1,0,0.015,3715.0807
7 M-1,0,0.0155,3814.4161
7 M-1,0,0.016,3871.6803
7 M-1,0,0.0165,3889.0344
7 M-1,0,0.017,3870.7484
7 M-1,0,0.0175,3827.6067
7 M-1,0,0.018,3756.4718
7 M-1,0,0.0185,3641.235
7 M-1,0,0.019,3485.1515
7 M-1,0,0.0195,3296.4772
7 M-1,0,0.02,3078.6199
7 M-1,0,0.0205,2833.4197
7 M-1,0,0.021,2588.3122
7 M-1,0,0.0215,2353.3148
7 M-1,0,0.022,2135.6299
7 M-1,0,0.0225,1959.23
7 M-1,0,0.023,1826.3571
7 M-1,0,0.0235,1735.2211
7 M-1,0,0.024,1682.6325
7 M-1,0,0.0245,1668.1358
7 M-1,0,0.025,1664.5754
7 M-1,0,0.0255,1660.4945
7 M-1,0,0.026,1657.6659
7 M-1,0,0.0265,1653.7709
7 M-1,0,0.027,1650.255
7 M-1,0,0.0275,1645.9146
7 M-1,0,0.028,1641.0375
7 M-1,0,0.0285,1636.8574
7 M-1,0,0.029,1632.3345
7 M-1,0,0.0295,1629.274
7 M-1,0,0.03,1626.7607
7 M-1,0,0.0305,1624.8902
7 M-1,0,0.031,1621.996
7 M-1,0,0.0315,1617.5485
7 M-1,0,0.032,1614.3625
7 M-1,0,0.0325,1609.5138
7 M-1,0,0.033,1606.6673
7 M-1,0,0.0335,1603.1858
7 M-1,0,0.034,1598.1485
7 M-1,0,0.0345,1592.4146
7 M-1,0,0.035,1587.0178
7 M-1,0,0.0355,1581.2233
7 M-1,0,0.036,1574.4816
7 M-1,0,0.0365,1570.737
7 M-1,0,0.037,1565.0651
7 M-1,0,0.0375,1557.7909
7 M-1,0,0.038,1552.5605
7 M-1,0,0.0385,1547.5379
7 M-1,0,0.039,1542.3781
7 M-1,0,0.0395,1540.1912
7 M-1,0,0.04,1540.088
7 M-1,0,0.0405,1537.3014
7 M-1,0,0.041,1535.3769
7 M-1,0,0.0415,1534.8615
7 M-1,0,0.042,1533.57
7 M-1,0,0.0425,1533.2276
7 M-1,0,0.043,1532.4421
7 M-1,0,0.0435,1532.0877
7 M-1,0,0.044,1529.5687
7 M-1,0,0.0445,1525.0491
7 M-1,0,0.045,1521.9986
7 M-1,0,0.0455,1521.1156
7 M-1,0,0.046,1519.9442
7 M-1,0,0.0465,1518.325
7 M-1,0,0.047,1520.2595
7 M-1,0,0.0475,1521.0999
7 M-1,0,0.048,1519.2336
7 M-1,0,0.0485,1519.5338
7 M-1,0,0.049,1520.1578
7 M-1,0,0.0495,1516.9095
7 M-1,0,0.05,1514.4498
7 M-1,0,0.0505,1512.5513
7 M-1,0,0.051,1509.1089
7 M-1,0,0.0515,1507.1798
7 M-1,0,0.052,1506.6009
7 M-1,0,0.0525,1506.3351
7 M-1,0,0.053,1506.1707
7 M-1,0,0.0535,1506.6209
7 M-1,0,0.054,1503.8517
7 M-1,0,0.0545,1501.9739
7 M-1,0,0.055,1498.9256
7 M-1,0,0.0555,1494.2116
7 M-1,0,0.056,1491.8392
7 M-1,0,0.0565,1488.2791
7 M-1,0,0.057,1484.3961
7 M-1,0,0.0575,1482.4359
7 M-1,0,0.058,1482.6128
7 M-1,0,0.0585,1481.9831
7 M-1,0,0.059,1482.3765
7 M-1,0,0.0595,1480.2565
7 M-1,0,0.06,1476.6343
7 M-1,0,0.0605,1472.8233
7 M-1,0,0.061,1465.0613
7 M-1,0,0.0615,1457.3586
7 M-1,0,0.062,1452.2777
7 M-1,0,0.0625,1447.0343
7 M-1,0,0.063,1443.2013
7 M-1,0,0.0635,1441.26
7 M-1,0,0.064,1441.3208
7 M-1,0,0.0645,1442.7324
7 M-1,0,0.065,1445.9608
7 M-1,0,0.0655,1448.5317
7 M-1,0,0.066,1448.9568
7 M-1,0,0.0665,1447.6962
7 M-1,0,0.067,1443.1951
7 M-1,0,0.0675,1439.1874
7 M-1,0,0.068,1434.7411
7 M-1,0,0.0685,1431.951
7 M-1,0,0.069,1432.2546
7 M-1,0,0.0695,1434.2627
7 M-1,0,0.07,1438.6736
7 M-1,0,0.0705,1443.5737
7 M-1,0,0.071,1448.11
7 M-1,0,0.0715,1453.0062
7 M-1,0,0.072,1452.9849
7 M-1,0,0.0725,1451.7462
7 M-1,0,0.073,1448.3168
7 M-1,0,0.0735,1441.6658
7 M-1,0,0.074,1435.6087
7 M-1,0,0.0745,1430.6055
7 M-1,0,0.075,1428.0403
7 M-1,0,0.0755,1424.7546
7 M-1,0,0.076,1424.4012
7 M-1,0,0.0765,1425.0342
7 M-1,0,0.077,1424.4375
7 M-1,0,0.0775,1423.6158
7 M-1,0,0.078,1419.4501
7 M-1,0,0.0785,1414.2973
7 M-1,0,0.079,1405.6374
7 M-1,0,0.0795,1396.2933
7 M-1,0,0.08,1388.3937
7 M-1,0,0.0805,1383.3999
7 M-1,0,0.081,1380.0034
7 M-1,0,0.0815,1378.2796
7 M-1,0,0.082,1380.4363
7 M-1,0,0.0825,1383.0088
7 M-1,0,0.083,1385.0661
7 M-1,0,0.0835,1387.7989
7 M-1,0,0.084,1389.1957
7 M-1,0,0.0845,1386.6023
7 M-1,0,0.085,1383.2514
7 M-1,0,0.0855,1378.3857
7 M-1,0,0.086,1371.5823
7 M-1,0,0.0865,1365.771
7 M-1,0,0.087,1363.802
7 M-1,0,0.0875,1362.9323
7 M-1,0,0.088,1364.1544
7 M-1,0,0.0885,1367.2777
7 M-1,0,0.089,1368.9078
7 M-1,0,0.0895,1372.7754
7 M-1,0,0.09,1374.9254
7 M-1,0,0.0905,1376.8747
7 M-1,0,0.091,1379.0566
7 M-1,0,0.0915,1379.8428
7 M-1,0,0.092,1378.81
7 M-1,0,0.0925,1377.4891
7 M-1,0,0.093,1377.6939
7 M-1,0,0.0935,1378.1208
7 M-1,0,0.094,1378.5994
7 M-1,0,0.0945,1381.9232
7 M-1,0,0.095,1383.3635
7 M-1,0,0.0955,1383.3959
7 M-1,0,0.096,1384.2242
7 M-1,0,0.0965,1381.1875
7 M-1,0,0.097,1377.2614
7 M-1,0,0.0975,1372.124
7 M-1,0,0.098,1368.2259
7 M-1,0,0.0985,1363.9925
7 M-1,0,0.099,1360.4627
7 M-1,0,0.0995,1358.5633
7 M-1,0,0.1,1356.8104
7 M-1,0,0.1005,1356.2844
7 M-1,0,0.101,1355.2724
7 M-1,0,0.1015,1352.4781
7 M-1,0,0.102,1348.9971
7 M-1,0,0.1025,1343.9622
7 M-1,0,0.103,1336.9266
7 M-1,0,0.1035,1330.3921
7 M-1,0,0.104,1323.7666
7 M-1,0,0.1045,1318.8051
7 M-1,0,0.105,1316.3992
7 M-1,0,0.1055,1316.3053
7 M-1,0,0.106,1316.3871
7 M-1,0,0.1065,1314.1022
7 M-1,0,0.107,1314.2868
7 M-1,0,0.1075,1312.7987
7 M-1,0,0.108,1310.4757
7 M-1,0,0.1085,1309.4945
7 M-1,0,0.109,1308.8773
7 M-1,0,0.1095,1308.0487
7 M-1,0,0.11,1306.1743
7 M-1,0,0.1105,1306.6133
7 M-1,0,0.111,1303.8253
7 M-1,0,0.1115,1300.8025
7 M-1,0,0.112,1301.2887
7 M-1,0,0.1125,1300.1244
7 M-1,0,0.113,1297.9344
7 M-1,0,0.1135,1295.2536
7 M-1,0,0.114,1298.2902
7 M-1,0,0.1145,1300.2218
7 M-1,0,0.115,1302.2124
7 M-1,0,0.1155,1307.7141
7 M-1,0,0.116,1313.2341
7 M-1,0,0.1165,1316.6342
7 M-1,0,0.117,1317.372
7 M-1,0,0.1175,1319.8822
7 M-1,0,0.118,1317.5273
7 M-1,0,0.1185,1313.2401
7 M-1,0,0.119,1311.8703
7 M-1,0,0.1195,1310.6428
7 M-1,0,0.12,1306.5679
7 M-1,0,0.1205,1303.7817
7 M-1,0,0.121,1305.2155
7 M-1,0,0.1215,1303.4741
7 M-1,0,0.122,1299.3112
7 M-1,0,0.1225,1296.9632
7 M-1,0,0.123,1294.1673
7 M-1,0,0.1235,1286.6508
7 M-1,0,0.124,1279.9365
7 M-1,0,0.1245,1274.5376
7 M-1,0,0.125,1265.5115
7 M-1,0,0.1255,1259.273
7 M-1,0,0.126,1254.8623
7 M-1,0,0.1265,1251.0587
7 M-1,0,0.127,1245.7984
7 M-1,0,0.1275,1242.4564
7 M-1,0,0.128,1237.434
7 M-1,0,0.1285,1231.2577
7 M-1,0,0.129,1227.0887
7 M-1,0,0.1295,1222.0452
7 M-1,0,0.13,1221.157
7 M-1,0,0.1305,1221.0196
7 M-1,0,0.131,1223.2548
7 M-1,0,0.1315,1226.3394
7 M-1,0,0.132,1229.9164
7 M-1,0,0.1325,1231.6891
7 M-1,0,0.133,1234.2882
7 M-1,0,0.1335,1237.0444
7 M-1,0,0.134,1235.8169
7 M-1,0,0.1345,1234.1755
7 M-1,0,0.135,1232.5048
7 M-1,0,0.1355,1231.8113
7 M-1,0,0.136,1233.2166
7 M-1,0,0.1365,1236.5386
7 M-1,0,0.137,1239.933
7 M-1,0,0.1375,1241.5682
7 M-1,0,0.138,1243.5694
7 M-1,0,0.1385,1243.2248
7 M-1,0,0.139,1241.325
7 M-1,0,0.1395,1238.7121
7 M-1,0,0.14,1235.2961
7 M-1,0,0.1405,1233.9495
7 M-1,0,0.141,1231.7478
7 M-1,0,0.1415,1233.304
7 M-1,0,0.142,1233.4539
7 M-1,0,0.1425,1233.4004
7 M-1,0,0.143,1233.3399
7 M-1,0,0.1435,1231.8138
7 M-1,0,0.144,1229.4245
7 M-1,0,0.1445,1222.7552
7 M-1,0,0.145,1216.2747
7 M-1,0,0.1455,1207.4315
7 M-1,0,0.146,1199.8444
7 M-1,0,0.1465,1194.6714
7 M-1,0,0.147,1189.4177
7 M-1,0,0.1475,1185.7331
7 M-1,0,0.148,1180.6754
7 M-1,0,0.1485,1175.824
7 M-1,0,0.149,1172.5967
7 M-1,0,0.1495,1169.0845
7 M-1,0,0.15,1166.9104
7 M-1,0,0.1505,1164.5899
7 M-1,0,0.151,1166.4695
7 M-1,0,0.1515,1168.0337
7 M-1,0,0.152,1171.716
7 M-1,0,0.1525,1175.9204
7 M-1,0,0.153,1180.0348
7 M-1,0,0.1535,1185.6191
7 M-1,0,0.154,1189.6955
7 M-1,0,0.1545,1193.1743
7 M-1,0,0.155,1191.7461
7 M-1,0,0.1555,1191.1878
7 M-1,0,0.156,1189.5621
7 M-1,0,0.1565,1191.8252
7 M-1,0,0.157,1191.758
7 M-1,0,0.1575,1192.6968
7 M-1,0,0.158,1191.1352
7 M-1,0,0.1585,1189.5854
7 M-1,0,0.159,1186.7768
7 M-1,0,0.1595,1182.8714
7 M-1,0,0.16,1177.5366
7 M-1,0,0.1605,1170.7731
7 M-1,0,0.161,1163.7252
7 M-1,0,0.1615,1154.8554
7 M-1,0,0.162,1149.3558
7 M-1,0,0.1625,1144.9901
7 M-1,0,0.163,1142.9882
7 M-1,0,0.1635,1142.4383
7 M-1,0,0.164,1142.9514
7 M-1,0,0.1645,1141.5216
7 M-1,0,0.165,1140.6346
7 M-1,0,0.1655,1139.5677
7 M-1,0,0.166,1136.5461
7 M-1,0,0.1665,1133.3923
7 M-1,0,0.167,1129.4348
7 M-1,0,0.1675,1125.3622
7 M-1,0,0.168,1120.9641
7 M-1,0,0.1685,1117.5902
7 M-1,0,0.169,1113.8949
7 M-1,0,0.1695,1109.6392
7 M-1,0,0.17,1106.0753
7 M-1,0,0.1705,1104.3774
7 M-1,0,0.171,1105.1822
7 M-1,0,0.1715,1104.6758
7 M-1,0,0.172,1106.0135
7 M-1,0,0.1725,1109.5998
7 M-1,0,0.173,1113.6804
7 M-1,0,0.1735,1117.6971
7 M-1,0,0.174,1122.5083
7 M-1,0,0.1745,1125.311
7 M-1,0,0.175,1126.7737
7 M-1,0,0.1755,1127.5453
7 M-1,0,0.176,1128.0758
7 M-1,0,0.1765,1127.4965
7 M-1,0,0.177,1129.7157
7 M-1,0,0.1775,1132.0744
7 M-1,0,0.178,1133.6497
7 M-1,0,0.1785,1132.3396
7 M-1,0,0.179,1131.5098
7 M-1,0,0.1795,1126.7836
7 M-1,0,0.18,1123.2778
7 M-1,0,0.1805,1116.1189
7 M-1,0,0.181,1108.6213
7 M-1,0,0.1815,1099.4841
7 M-1,0,0.182,1092.8089
7 M-1,0,0.1825,1087.1144
7 M-1,0,0.183,1081.4239
7 M-1,0,0.1835,1080.0113
7 M-1,0,0.184,1075.8604
7 M-1,0,0.1845,1073.3721
7 M-1,0,0.185,1067.442
7 M-1,0,0.1855,1066.743
7 M-1,0,0.186,1064.1945
7 M-1,0,0.1865,1063.4174
7 M-1,0,0.187,1063.1517
7 M-1,0,0.1875,1065.9268
7 M-1,0,0.188,1065.9693
7 M-1,0,0.1885,1067.9672
7 M-1,0,0.189,1069.7988
7 M-1,0,0.1895,1070.9867
7 M-1,0,0.19,1068.4034
7 M-1,0,0.1905,1065.7873
7 M-1,0,0.191,1063.9382
7 M-1,0,0.1915,1058.4163
7 M-1,0,0.192,1055.9709
7 M-1,0,0.1925,1053.5363
7 M-1,0,0.193,1055.0474
7 M-1,0,0.1935,1052.8541
7 M-1,0,0.194,1054.906
7 M-1,0,0.1945,1054.2613
7 M-1,0,0.195,1056.0187
7 M-1,0,0.1955,1056.3918
7 M-1,0,0.196,1058.2096
7 M-1,0,0.1965,1059.9874
7 M-1,0,0.197,1059.6042
7 M-1,0,0.1975,1059.3001
7 M-1,0,0.198,1057.9981
7 M-1,0,0.1985,1059.3858
7 M-1,0,0.199,1053.3151
7 M-1,0,0.1995,1052.7654
7 M-1,0,0.2,1050.0963
7 M-1,0,0.2005,1049.4211
7 M-1,0,0.201,1048.6347
7 M-1,0,0.2015,1049.8603
7 M-1,0,0.202,1053.254
7 M-1,0,0.2025,1055.5243
7 M-1,0,0.203,1060.9802
7 M-1,0,0.2035,1061.2157
7 M-1,0,0.204,1063.3686
7 M-1,0,0.2045,1059.4553
7 M-1,0,0.205,1054.3218
7 M-1,0,0.2055,1050.6011
7 M-1,0,0.206,1044.7901
7 M-1,0,0.2065,1042.1401
7 M-1,0,0.207,1038.7831
7 M-1,0,0.2075,1040.6656
7 M-1,0,0.208,1038.9641
7 M-1,0,0.2085,1040.0318
7 M-1,0,0.209,1041.2061
7 M-1,0,0.2095,1039.3959
7 M-1,0,0.21,1039.5961
7 M-1,0,0.2105,1033.817
7 M-1,0,0.211,1031.5149
7 M-1,0,0.2115,1025.1616
7 M-1,0,0.212,1022.7131
7 M-1,0,0.2125,1019.2273
7 M-1,0,0.213,1016.7323
7 M-1,0,0.2135,1016.0163
7 M-1,0,0.214,1011.3895
7 M-1,0,0.2145,1013.3491
7 M-1,0,0.215,1014.2628
7 M-1,0,0.2155,1017.4123
7 M-1,0,0.216,1021.1194
7 M-1,0,0.2165,1024.4772
7 M-1,0,0.217,1031.4479
7 M-1,0,0.2175,1031.7224
7 M-1,0,0.218,1033.2254
7 M-1,0,0.2185,1030.4445
7 M-1,0,0.219,1028.1265
7 M-1,0,0.2195,1024.5971
7 M-1,0,0.22,1019.1091
7 M-1,0,0.2205,1020.4659
7 M-1,0,0.221,1015.9077
7 M-1,0,0.2215,1017.6244
7 M-1,0,0.222,1019.1501
7 M-1,0,0.2225,1021.3799
7 M-1,0,0.223,1019.5919
7 M-1,0,0.2235,1014.4693
7 M-1,0,0.224,1011.2235
7 M-1,0,0.2245,1001.1528
7 M-1,0,0.225,994.10556
7 M-1,0,0.2255,988.86403
7 M-1,0,0.226,986.38001
7 M-1,0,0.2265,985.53972
7 M-1,0,0.227,985.32115
7 M-1,0,0.2275,988.16773
7 M-1,0,0.228,989.98989
7 M-1,0,0.2285,990.39492
7 M-1,0,0.229,988.10886
7 M-1,0,0.2295,983.45547
7 M-1,0,0.23,976.30441
7 M-1,0,0.2305,969.33249
7 M-1,0,0.231,962.78273
7 M-1,0,0.2315,959.49416
7 M-1,0,0.232,956.45452
7 M-1,0,0.2325,957.06357
7 M-1,0,0.233,962.04312
7 M-1,0,0.2335,966.78122
7 M-1,0,0.234,973.44814
7 M-1,0,0.2345,980.69708
7 M-1,0,0.235,990.84903
7 M-1,0,0.2355,999.36054
7 M-1,0,0.236,1006.3367
7 M-1,0,0.2365,1012.5977
7 M-1,0,0.237,1014.9635
7 M-1,0,0.2375,1014.3991
7 M-1,0,0.238,1013.9621
7 M-1,0,0.2385,1009.8811
7 M-1,0,0.239,1003.9615
7 M-1,0,0.2395,997.88664
7 M-1,0,0.24,993.52466
7 M-1,0,0.2405,990.35344
7 M-1,0,0.241,990.45494
7 M-1,0,0.2415,992.65551
7 M-1,0,0.242,993.40006
7 M-1,0,0.2425,993.76289
7 M-1,0,0.243,992.78663
7 M-1,0,0.2435,988.75022
7 M-1,0,0.244,981.57171
7 M-1,0,0.2445,972.66451
7 M-1,0,0.245,963.52644
7 M-1,0,0.2455,955.27577
7 M-1,0,0.246,947.25684
7 M-1,0,0.2465,940.70581
7 M-1,0,0.247,936.79724
7 M-1,0,0.2475,933.66348
7 M-1,0,0.248,931.44962
7 M-1,0,0.2485,929.10916
7 M-1,0,0.249,924.50241
7 M-1,0,0.2495,920.93214
7 M-1,0,0.25,920.13778
7 M-1,0,0.2505,922.10402
7 M-1,0,0.251,922.80517
7 M-1,0,0.2515,925.44221
7 M-1,0,0.252,931.06957
7 M-1,0,0.2525,935.0653
7 M-1,0,0.253,941.61858
7 M-1,0,0.2535,946.53149
7 M-1,0,0.254,948.23728
7 M-1,0,0.2545,946.4399
7 M-1,0,0.255,944.25769
7 M-1,0,0.2555,939.7467
7 M-1,0,0.256,931.47162
7 M-1,0,0.2565,926.22841
7 M-1,0,0.257,918.4774
7 M-1,0,0.2575,910.35032
7 M-1,0,0.258,902.00855
7 M-1,0,0.2585,894.89133
7 M-1,0,0.259,889.28618
7 M-1,0,0.2595,885.67812
7 M-1,0,0.26,884.1222
7 M-1,0,0.2605,884.54284
7 M-1,0,0.261,885.35247
7 M-1,0,0.2615,885.47052
7 M-1,0,0.262,887.90975
7 M-1,0,0.2625,888.11696
7 M-1,0,0.263,885.90022
7 M-1,0,0.2635,883.63852
7 M-1,0,0.264,880.73656
7 M-1,0,0.2645,873.385
7 M-1,0,0.265,867.62593
7 M-1,0,0.2655,863.5713
7 M-1,0,0.266,857.3241
7 M-1,0,0.2665,852.37425
7 M-1,0,0.267,848.47842
7 M-1,0,0.2675,847.40803
7 M-1,0,0.268,849.06571
7 M-1,0,0.2685,853.35159
7 M-1,0,0.269,860.85105
7 M-1,0,0.2695,870.71758
7 M-1,0,0.27,880.78966
7 M-1,0,0.2705,891.68476
7 M-1,0,0.271,902.05775
7 M-1,0,0.2715,905.62349
7 M-1,0,0.272,906.73996
7 M-1,0,0.2725,905.7153
7 M-1,0,0.273,899.30221
7 M-1,0,0.2735,891.80911
7 M-1,0,0.274,886.65147
7 M-1,0,0.2745,880.93262
7 M-1,0,0.275,876.38199
7 M-1,0,0.2755,875.31791
7 M-1,0,0.276,871.96363
7 M-1,0,0.2765,867.50775
7 M-1,0,0.277,864.41044
7 M-1,0,0.2775,857.83794
7 M-1,0,0.278,848.80012
7 M-1,0,0.2785,842.54716
7 M-1,0,0.279,832.98317
7 M-1,0,0.2795,820.95901
7 M-1,0,0.28,812.11609
7 M-1,0,0.2805,803.91853
7 M-1,0,0.281,792.9243
7 M-1,0,0.2815,785.98208
7 M-1,0,0.282,783.74449
7 M-1,0,0.2825,780.13947
7 M-1,0,0.283,781.37085
7 M-1,0,0.2835,787.91608
7 M-1,0,0.284,789.6134
7 M-1,0,0.2845,791.44398
7 M-1,0,0.285,795.19974
7 M-1,0,0.2855,795.67816
7 M-1,0,0.286,791.81103
7 M-1,0,0.2865,787.58662
7 M-1,0,0.287,782.13493
7 M-1,0,0.2875,774.38948
7 M-1,0,0.288,770.46327
7 M-1,0,0.2885,769.67988
7 M-1,0,0.289,769.42741
7 M-1,0,0.2895,771.90186
7 M-1,0,0.29,773.94203
7 M-1,0,0.2905,774.22149
7 M-1,0,0.291,773.43447
7 M-1,0,0.2915,771.65889
7 M-1,0,0.292,770.10689
7 M-1,0,0.2925,767.20966
7 M-1,0,0.293,765.83795
7 M-1,0,0.2935,765.30021
7 M-1,0,0.294,763.53387
7 M-1,0,0.2945,761.91133
7 M-1,0,0.295,760.87917
7 M-1,0,0.2955,758.82614
7 M-1,0,0.296,753.60343
7 M-1,0,0.2965,747.31185
7 M-1,0,0.297,739.26708
7 M-1,0,0.2975,727.51291
7 M-1,0,0.298,718.43551
7 M-1,0,0.2985,710.71029
7 M-1,0,0.299,700.95507
7 M-1,0,0.2995,692.81095
7 M-1,0,0.3,690.8482
7 M-1,0,0.3005,689.81985
7 M-1,0,0.301,685.58425
7 M-1,0,0.3015,684.2244
7 M-1,0,0.302,682.94658
7 M-1,0,0.3025,679.07538
7 M-1,0,0.303,675.88022
7 M-1,0,0.3035,673.10661
7 M-1,0,0.304,668.09013
7 M-1,0,0.3045,661.04549
7 M-1,0,0.305,657.71477
7 M-1,0,0.3055,655.82868
7 M-1,0,0.306,653.01127
7 M-1,0,0.3065,653.58433
7 M-1,0,0.307,654.6701
7 M-1,0,0.3075,652.98677
7 M-1,0,0.308,647.83062
7 M-1,0,0.3085,641.45019
7 M-1,0,0.309,633.72528
7 M-1,0,0.3095,625.10258
7 M-1,0,0.31,615.25156
7 M-1,0,0.3105,604.9315
7 M-1,0,0.311,596.94851
7 M-1,0,0.3115,592.54049
7 M-1,0,0.312,586.85808
7 M-1,0,0.3125,583.46929
7 M-1,0,0.313,581.07914
7 M-1,0,0.3135,575.45433
7 M-1,0,0.314,568.39963
7 M-1,0,0.3145,560.80719
7 M-1,0,0.315,552.58493
7 M-1,0,0.3155,542.03002
7 M-1,0,0.316,533.25451
7 M-1,0,0.3165,524.12134
7 M-1,0,0.317,514.42049
7 M-1,0,0.3175,506.44702
7 M-1,0,0.318,498.48649
7 M-1,0,0.3185,490.39262
7 M-1,0,0.319,481.86142
7 M-1,0,0.3195,472.6083
7 M-1,0,0.32,462.66176
7 M-1,0,0.3205,452.90982
7 M-1,0,0.321,446.02918
7 M-1,0,0.3215,435.89768
7 M-1,0,0.322,428.16857
7 M-1,0,0.3225,422.17878
7 M-1,0,0.323,418.5986
7 M-1,0,0.3235,418.23082
7 M-1,0,0.324,419.98634
7 M-1,0,0.3245,420.06768
7 M-1,0,0.325,415.34868
7 M-1,0,0.3255,410.76543
7 M-1,0,0.326,401.33887
7 M-1,0,0.3265,386.16372
7 M-1,0,0.327,370.57032
7 M-1,0,0.3275,353.6901
7 M-1,0,0.328,337.55761
7 M-1,0,0.3285,323.20919
7 M-1,0,0.329,307.87746
7 M-1,0,0.3295,292.70829
7 M-1,0,0.33,278.64683
7 M-1,0,0.3305,267.41607
7 M-1,0,0.331,248.85023
7 M-1,0,0.3315,273.23504
7 M-1,0,0.332,244.70143
7 M-1,0,0.3325,217.13502
6.48 Y-1,14.3053,0.01225,3405.3479
6.48 Y-1,14.3053,0.0125,3273.6237
6.48 Y-1,14.3053,0.01275,3141.541
6.48 Y-1,14.3053,0.013,3012.9339
6.48 Y-1,14.3053,0.01325,2885.7168
6.48 Y-1,14.3053,0.0135,4052.5885
6.48 Y-1,14.3053,0.01375,3812.4887
6.48 Y-1,14.3053,0.014,3589.1415
6.48 Y-1,14.3053,0.01425,3383.7016
6.48 Y-1,14.3053,0.0145,3191.416
6.48 Y-1,14.3053,0.01475,3015.9651
6.48 Y-1,14.3053,0.015,2524.9107
6.48 Y-1,14.3053,0.01525,2110.7838
6.48 Y-1,14.3053,0.0155,1761.0524
6.48 Y-1,14.3053,0.01575,1464.1793
6.48 Y-1,14.3053,0.016,1217.6202
6.48 Y-1,14.3053,0.01625,1012.0605
6.48 Y-1,14.3053,0.0165,840.33011
6.48 Y-1,14.3053,0.01675,697.87118
6.48 Y-1,14.3053,0.017,578.36991
6.48 Y-1,14.3053,0.01725,479.71441
6.48 Y-1,14.3053,0.0175,397.95495
6.48 Y-1,14.3053,0.01775,330.12805
6.48 Y-1,14.3053,0.018,275.06486
6.48 Y-1,14.3053,0.01825,231.37129
6.48 Y-1,14.3053,0.0185,201.0508
6.48 Y-1,14.3053,0.01875,177.05292
6.48 Y-1,14.3053,0.019,161.51318
6.48 Y-1,14.3053,0.01925,152.38557
6.48 Y-1,14.3053,0.0195,148.75235
6.48 Y-1,14.3053,0.01975,150.90072
6.48 Y-1,14.3053,0.02,157.88129
6.48 Y-1,14.3053,0.02025,169.34141
6.48 Y-1,14.3053,0.0205,184.8668
6.48 Y-1,14.3053,0.02075,202.19553
6.48 Y-1,14.3053,0.021,220.70101
6.48 Y-1,14.3053,0.02125,239.56207
6.48 Y-1,14.3053,0.0215,260.24672
6.48 Y-1,14.3053,0.02175,280.35702
6.48 Y-1,14.3053,0.022,299.59657
6.48 Y-1,14.3053,0.02225,317.62146
6.48 Y-1,14.3053,0.0225,332.86189
6.48 Y-1,14.3053,0.02275,347.42423
6.48 Y-1,14.3053,0.023,359.35183
6.48 Y-1,14.3053,0.02325,367.5756
6.48 Y-1,14.3053,0.0235,374.25286
6.48 Y-1,14.3053,0.02375,379.83096
6.48 Y-1,14.3053,0.024,383.2186
6.48 Y-1,14.3053,0.02425,385.06589
6.48 Y-1,14.3053,0.0245,385.25263
6.48 Y-1,14.3053,0.02475,384.79391
6.48 Y-1,14.3053,0.025,385.49547
6.48 Y-1,14.3053,0.02525,386.35206
6.48 Y-1,14.3053,0.0255,385.47711
6.48 Y-1,14.3053,0.02575,385.27093
6.48 Y-1,14.3053,0.026,386.85919
6.48 Y-1,14.3053,0.02625,388.19557
6.48 Y-1,14.3053,0.0265,389.59965
6.48 Y-1,14.3053,0.02675,390.31382
6.48 Y-1,14.3053,0.027,390.04566
6.48 Y-1,14.3053,0.02725,391.43215
6.48 Y-1,14.3053,0.0275,392.04415
6.48 Y-1,14.3053,0.02775,391.83512
6.48 Y-1,14.3053,0.028,391.7577
6.48 Y-1,14.3053,0.02825,390.43457
6.48 Y-1,14.3053,0.0285,389.29722
6.48 Y-1,14.3053,0.02875,388.16568
6.48 Y-1,14.3053,0.029,385.55665
6.48 Y-1,14.3053,0.02925,383.08332
6.48 Y-1,14.3053,0.0295,382.47371
6.48 Y-1,14.3053,0.02975,380.58895
6.48 Y-1,14.3053,0.03,377.84127
6.48 Y-1,14.3053,0.03025,375.84912
6.48 Y-1,14.3053,0.0305,372.35276
6.48 Y-1,14.3053,0.03075,370.61882
6.48 Y-1,14.3053,0.031,370.70154
6.48 Y-1,14.3053,0.03125,368.94829
6.48 Y-1,14.3053,0.0315,368.43279
6.48 Y-1,14.3053,0.03175,368.84909
6.48 Y-1,14.3053,0.032,369.3084
6.48 Y-1,14.3053,0.03225,370.81397
6.48 Y-1,14.3053,0.0325,372.54336
6.48 Y-1,14.3053,0.03275,372.89706
6.48 Y-1,14.3053,0.033,374.67579
6.48 Y-1,14.3053,0.03325,376.93132
6.48 Y-1,14.3053,0.0335,377.03882
6.48 Y-1,14.3053,0.03375,379.12784
6.48 Y-1,14.3053,0.034,381.66342
6.48 Y-1,14.3053,0.03425,382.87366
6.48 Y-1,14.3053,0.0345,385.76688
6.48 Y-1,14.3053,0.03475,386.92722
6.48 Y-1,14.3053,0.035,386.45153
6.48 Y-1,14.3053,0.03525,387.52533
6.48 Y-1,14.3053,0.0355,389.14579
6.48 Y-1,14.3053,0.03575,390.23652
6.48 Y-1,14.3053,0.036,392.16294
6.48 Y-1,14.3053,0.03625,392.68506
6.48 Y-1,14.3053,0.0365,391.88596
6.48 Y-1,14.3053,0.03675,393.24008
6.48 Y-1,14.3053,0.037,394.10596
6.48 Y-1,14.3053,0.03725,395.14804
6.48 Y-1,14.3053,0.0375,398.06067
6.48 Y-1,14.3053,0.03775,399.67758
6.48 Y-1,14.3053,0.038,401.51166
6.48 Y-1,14.3053,0.03825,404.37709
6.48 Y-1,14.3053,0.0385,405.53389
6.48 Y-1,14.3053,0.03875,406.82109
6.48 Y-1,14.3053,0.039,409.90083
6.48 Y-1,14.3053,0.03925,411.81113
6.48 Y-1,14.3053,0.0395,412.74812
6.48 Y-1,14.3053,0.03975,414.5425
6.48 Y-1,14.3053,0.04,413.42439
6.48 Y-1,14.3053,0.04025,413.07825
6.48 Y-1,14.3053,0.0405,414.24767
6.48 Y-1,14.3053,0.04075,413.1226
6.48 Y-1,14.3053,0.041,411.8914
6.48 Y-1,14.3053,0.04125,410.78778
6.48 Y-1,14.3053,0.0415,408.39224
6.48 Y-1,14.3053,0.04175,407.00498
6.48 Y-1,14.3053,0.042,405.71472
6.48 Y-1,14.3053,0.04225,402.92112
6.48 Y-1,14.3053,0.0425,400.8994
6.48 Y-1,14.3053,0.04275,400.37837
6.48 Y-1,14.3053,0.043,398.5926
6.48 Y-1,14.3053,0.04325,398.01311
6.48 Y-1,14.3053,0.0435,397.49928
6.48 Y-1,14.3053,0.04375,395.00124
6.48 Y-1,14.3053,0.044,395.91249
6.48 Y-1,14.3053,0.04425,397.20734
6.48 Y-1,14.3053,0.0445,397.11853
6.48 Y-1,14.3053,0.04475,398.48363
6.48 Y-1,14.3053,0.045,399.56767
6.48 Y-1,14.3053,0.04525,398.44834
6.48 Y-1,14.3053,0.0455,397.7059
6.48 Y-1,14.3053,0.04575,396.31696
6.48 Y-1,14.3053,0.046,392.95088
6.48 Y-1,14.3053,0.04625,391.94176
6.48 Y-1,14.3053,0.0465,391.65538
6.48 Y-1,14.3053,0.04675,387.96936
6.48 Y-1,14.3053,0.047,384.57335
6.48 Y-1,14.3053,0.04725,380.21042
6.48 Y-1,14.3053,0.0475,374.61176
6.48 Y-1,14.3053,0.04775,371.13913
6.48 Y-1,14.3053,0.048,367.51882
6.48 Y-1,14.3053,0.04825,362.92886
6.48 Y-1,14.3053,0.0485,359.56048
6.48 Y-1,14.3053,0.04875,355.94851
6.48 Y-1,14.3053,0.049,351.67395
6.48 Y-1,14.3053,0.04925,349.76343
6.48 Y-1,14.3053,0.0495,348.96233
6.48 Y-1,14.3053,0.04975,348.6241
6.48 Y-1,14.3053,0.05,349.88412
6.48 Y-1,14.3053,0.05025,351.17045
6.48 Y-1,14.3053,0.0505,351.06117
6.48 Y-1,14.3053,0.05075,353.45763
6.48 Y-1,14.3053,0.051,356.64396
6.48 Y-1,14.3053,0.05125,358.52239
6.48 Y-1,14.3053,0.0515,361.43415
6.48 Y-1,14.3053,0.05175,364.01566
6.48 Y-1,14.3053,0.052,364.17653
6.48 Y-1,14.3053,0.05225,364.92285
6.48 Y-1,14.3053,0.0525,365.0164
6.48 Y-1,14.3053,0.05275,364.72749
6.48 Y-1,14.3053,0.053,365.45237
6.48 Y-1,14.3053,0.05325,366.54013
6.48 Y-1,14.3053,0.0535,365.08018
6.48 Y-1,14.3053,0.05375,363.6035
6.48 Y-1,14.3053,0.054,363.0412
6.48 Y-1,14.3053,0.05425,361.67271
6.48 Y-1,14.3053,0.0545,360.86826
6.48 Y-1,14.3053,0.05475,360.97936
6.48 Y-1,14.3053,0.055,359.55437
6.48 Y-1,14.3053,0.05525,359.24836
6.48 Y-1,14.3053,0.0555,359.44302
6.48 Y-1,14.3053,0.05575,357.91709
6.48 Y-1,14.3053,0.056,357.24869
6.48 Y-1,14.3053,0.05625,357.5884
6.48 Y-1,14.3053,0.0565,357.66859
6.48 Y-1,14.3053,0.05675,358.26214
6.48 Y-1,14.3053,0.057,359.45021
6.48 Y-1,14.3053,0.05725,359.47015
6.48 Y-1,14.3053,0.0575,359.5465
6.48 Y-1,14.3053,0.05775,359.33837
6.48 Y-1,14.3053,0.058,357.15075
6.48 Y-1,14.3053,0.05825,354.70169
6.48 Y-1,14.3053,0.0585,353.6112
6.48 Y-1,14.3053,0.05875,351.1738
6.48 Y-1,14.3053,0.059,348.65243
6.48 Y-1,14.3053,0.05925,347.28075
6.48 Y-1,14.3053,0.0595,345.22292
6.48 Y-1,14.3053,0.05975,342.62519
6.48 Y-1,14.3053,0.06,341.50139
6.48 Y-1,14.3053,0.06025,339.99113
6.48 Y-1,14.3053,0.0605,337.81875
6.48 Y-1,14.3053,0.06075,337.71473
6.48 Y-1,14.3053,0.061,336.52389
6.48 Y-1,14.3053,0.06125,334.59124
6.48 Y-1,14.3053,0.0615,335.17195
6.48 Y-1,14.3053,0.06175,336.15669
6.48 Y-1,14.3053,0.062,337.2974
6.48 Y-1,14.3053,0.06225,339.10219
6.48 Y-1,14.3053,0.0625,340.44792
6.48 Y-1,14.3053,0.06275,341.1951
6.48 Y-1,14.3053,0.063,342.91533
6.48 Y-1,14.3053,0.06325,345.75392
6.48 Y-1,14.3053,0.0635,347.29195
6.48 Y-1,14.3053,0.06375,349.34381
6.48 Y-1,14.3053,0.064,350.82387
6.48 Y-1,14.3053,0.06425,349.73335
6.48 Y-1,14.3053,0.0645,348.73108
6.48 Y-1,14.3053,0.06475,346.28354
6.48 Y-1,14.3053,0.065,342.62391
6.48 Y-1,14.3053,0.06525,339.42985
6.48 Y-1,14.3053,0.0655,335.5713
6.48 Y-1,14.3053,0.06575,329.87208
6.48 Y-1,14.3053,0.066,323.93427
6.48 Y-1,14.3053,0.06625,319.16959
6.48 Y-1,14.3053,0.0665,314.11915
6.48 Y-1,14.3053,0.06675,309.83456
6.48 Y-1,14.3053,0.067,306.01152
6.48 Y-1,14.3053,0.06725,300.81351
6.48 Y-1,14.3053,0.0675,296.44377
6.48 Y-1,14.3053,0.06775,293.82284
6.48 Y-1,14.3053,0.068,291.3745
6.48 Y-1,14.3053,0.06825,289.56815
6.48 Y-1,14.3053,0.0685,289.288
6.48 Y-1,14.3053,0.06875,290.02655
6.48 Y-1,14.3053,0.069,290.97171
6.48 Y-1,14.3053,0.06925,292.99087
6.48 Y-1,14.3053,0.0695,295.01532
6.48 Y-1,14.3053,0.06975,297.09304
6.48 Y-1,14.3053,0.07,299.33634
6.48 Y-1,14.3053,0.07025,299.13826
6.48 Y-1,14.3053,0.0705,297.23536
6.48 Y-1,14.3053,0.07075,294.35784
6.48 Y-1,14.3053,0.071,291.10825
6.48 Y-1,14.3053,0.07125,286.67604
6.48 Y-1,14.3053,0.0715,280.84462
6.48 Y-1,14.3053,0.07175,274.09372
6.48 Y-1,14.3053,0.072,266.25618
6.48 Y-1,14.3053,0.07225,258.11116
6.48 Y-1,14.3053,0.0725,250.99272
6.48 Y-1,14.3053,0.07275,243.34157
6.48 Y-1,14.3053,0.073,236.69861
6.48 Y-1,14.3053,0.07325,230.28025
6.48 Y-1,14.3053,0.0735,224.27387
6.48 Y-1,14.3053,0.07375,218.3554
6.48 Y-1,14.3053,0.074,213.77737
6.48 Y-1,14.3053,0.07425,210.47477
6.48 Y-1,14.3053,0.0745,206.76919
6.48 Y-1,14.3053,0.07475,204.20669
6.48 Y-1,14.3053,0.075,202.48971
6.48 Y-1,14.3053,0.07525,200.62412
6.48 Y-1,14.3053,0.0755,200.01037
6.48 Y-1,14.3053,0.07575,199.5864
6.48 Y-1,14.3053,0.076,198.32755
6.48 Y-1,14.3053,0.07625,196.57752
6.48 Y-1,14.3053,0.0765,194.59122
6.48 Y-1,14.3053,0.07675,191.90944
6.48 Y-1,14.3053,0.077,187.92312
6.48 Y-1,14.3053,0.07725,184.21877
6.48 Y-1,14.3053,0.0775,179.52842
6.48 Y-1,14.3053,0.07775,173.82511
6.48 Y-1,14.3053,0.078,167.1357
6.48 Y-1,14.3053,0.07825,159.99232
6.48 Y-1,14.3053,0.0785,154.40361
6.48 Y-1,14.3053,0.07875,148.89486
6.48 Y-1,14.3053,0.079,144.28204
6.48 Y-1,14.3053,0.07925,139.1028
6.48 Y-1,14.3053,0.0795,133.32325
6.48 Y-1,14.3053,0.07975,129.29542
6.48 Y-1,14.3053,0.08,126.7687
6.48 Y-1,14.3053,0.08025,125.18467
6.48 Y-1,14.3053,0.0805,123.97835
6.48 Y-1,14.3053,0.08075,122.93492
6.48 Y-1,14.3053,0.081,122.591
6.48 Y-1,14.3053,0.08125,121.8548
6.48 Y-1,14.3053,0.0815,121.51112
6.48 Y-1,14.3053,0.08175,121.44187
6.48 Y-1,14.3053,0.082,122.15238
6.48 Y-1,14.3053,0.08225,123.1471
6.48 Y-1,14.3053,0.0825,123.23513
6.48 Y-1,14.3053,0.08275,122.30039
6.48 Y-1,14.3053,0.083,119.89963
6.48 Y-1,14.3053,0.08325,118.66645
6.48 Y-1,14.3053,0.0835,117.67288
6.48 Y-1,14.3053,0.08375,115.68183
6.48 Y-1,14.3053,0.084,113.2258
6.48 Y-1,14.3053,0.08425,110.74614
6.48 Y-1,14.3053,0.0845,107.46794
6.48 Y-1,14.3053,0.08475,104.08593
6.48 Y-1,14.3053,0.085,100.67983
6.48 Y-1,14.3053,0.08525,96.742121
6.48 Y-1,14.3053,0.0855,92.327109
6.48 Y-1,14.3053,0.08575,88.670084
6.48 Y-1,14.3053,0.086,91.37382
6.48 Y-1,14.3053,0.08625,83.439615
6.48 Y-1,14.3053,0.0865,77.402758
6.48 Y-1,14.3053,0.08675,71.35898
6.48 Y-1,14.3053,0.087,64.552303
6.02 Y-1,26.04,0.01,4256.9409
6.02 Y-1,26.04,0.01025,4133.6641
6.02 Y-1,26.04,0.0105,4005.4074
6.02 Y-1,26.04,0.01075,3873.8215
6.02 Y-1,26.04,0.011,3738.2736
6.02 Y-1,26.04,0.01125,5176.9225
6.02 Y-1,26.04,0.0115,4906.5114
6.02 Y-1,26.04,0.01175,4651.1898
6.02 Y-1,26.04,0.012,4409.3854
6.02 Y-1,26.04,0.01225,4180.8258
6.02 Y-1,26.04,0.0125,3964.5732
6.02 Y-1,26.04,0.01275,3371.0229
6.02 Y-1,26.04,0.013,2853.1257
6.02 Y-1,26.04,0.01325,2404.5429
6.02 Y-1,26.04,0.0135,2015.1648
6.02 Y-1,26.04,0.01375,1677.3201
6.02 Y-1,26.04,0.014,1386.0586
6.02 Y-1,26.04,0.01425,1133.0246
6.02 Y-1,26.04,0.0145,913.42941
6.02 Y-1,26.04,0.01475,724.24814
6.02 Y-1,26.04,0.015,561.78222
6.02 Y-1,26.04,0.01525,419.28365
6.02 Y-1,26.04,0.0155,297.98529
6.02 Y-1,26.04,0.01575,195.33603
6.02 Y-1,26.04,0.016,108.10827
6.02 Y-1,26.04,0.01625,32.811671
6.02 Y-1,26.04,0.0165,0
6.02 Y-1,26.04,0.01675,0
6.02 Y-1,26.04,0.017,0
6.02 Y-1,26.04,0.01725,0
6.02 Y-1,26.04,0.0175,0
6.02 Y-1,26.04,0.01775,0
6.02 Y-1,26.04,0.018,0
6.02 Y-1,26.04,0.01825,0
6.02 Y-1,26.04,0.0185,0
6.02 Y-1,26.04,0.01875,0
6.02 Y-1,26.04,0.019,0
6.02 Y-1,26.04,0.01925,0
6.02 Y-1,26.04,0.0195,0
6.02 Y-1,26.04,0.01975,0
6.02 Y-1,26.04,0.02,0
6.02 Y-1,26.04,0.02025,0
6.02 Y-1,26.04,0.0205,0
6.02 Y-1,26.04,0.02075,0
6.02 Y-1,26.04,0.021,0
6.02 Y-1,26.04,0.02125,20.64275
6.02 Y-1,26.04,0.0215,55.306279
6.02 Y-1,26.04,0.02175,90.985166
6.02 Y-1,26.04,0.022,123.26103
6.02 Y-1,26.04,0.02225,152.5489
6.02 Y-1,26.04,0.0225,181.16009
6.02 Y-1,26.04,0.02275,205.75769
6.02 Y-1,26.04,0.023,225.14089
6.02 Y-1,26.04,0.02325,240.80329
6.02 Y-1,26.04,0.0235,252.86176
6.02 Y-1,26.04,0.02375,262.29776
6.02 Y-1,26.04,0.024,268.07089
6.02 Y-1,26.04,0.02425,269.78216
6.02 Y-1,26.04,0.0245,266.86999
6.02 Y-1,26.04,0.02475,264.40275
6.02 Y-1,26.04,0.025,261.2179
6.02 Y-1,26.04,0.02525,258.39892
6.02 Y-1,26.04,0.0255,256.57971
6.02 Y-1,26.04,0.02575,254.39632
6.02 Y-1,26.04,0.026,251.93264
6.02 Y-1,26.04,0.02625,250.33244
6.02 Y-1,26.04,0.0265,248.42047
6.02 Y-1,26.04,0.02675,247.10406
6.02 Y-1,26.04,0.027,248.01674
6.02 Y-1,26.04,0.02725,248.14669
6.02 Y-1,26.04,0.0275,248.04057
6.02 Y-1,26.04,0.02775,248.34851
6.02 Y-1,26.04,0.028,246.47408
6.02 Y-1,26.04,0.02825,246.3558
6.02 Y-1,26.04,0.0285,247.16978
6.02 Y-1,26.04,0.02875,246.28377
6.02 Y-1,26.04,0.029,245.75034
6.02 Y-1,26.04,0.02925,243.45905
6.02 Y-1,26.04,0.0295,240.40563
6.02 Y-1,26.04,0.02975,238.47967
6.02 Y-1,26.04,0.03,236.96557
6.02 Y-1,26.04,0.03025,233.30071
6.02 Y-1,26.04,0.0305,230.24172
6.02 Y-1,26.04,0.03075,226.16163
6.02 Y-1,26.04,0.031,220.73205
6.02 Y-1,26.04,0.03125,217.56551
6.02 Y-1,26.04,0.0315,214.55827
6.02 Y-1,26.04,0.03175,211.79163
6.02 Y-1,26.04,0.032,211.85528
6.02 Y-1,26.04,0.03225,210.35123
6.02 Y-1,26.04,0.0325,208.52136
6.02 Y-1,26.04,0.03275,209.18499
6.02 Y-1,26.04,0.033,210.50962
6.02 Y-1,26.04,0.03325,213.18346
6.02 Y-1,26.04,0.0335,217.32327
6.02 Y-1,26.04,0.03375,218.73661
6.02 Y-1,26.04,0.034,220.0483
6.02 Y-1,26.04,0.03425,222.34188
6.02 Y-1,26.04,0.0345,222.67465
6.02 Y-1,26.04,0.03475,223.44536
6.02 Y-1,26.04,0.035,224.15031
6.02 Y-1,26.04,0.03525,222.12872
6.02 Y-1,26.04,0.0355,219.57911
6.02 Y-1,26.04,0.03575,216.14307
6.02 Y-1,26.04,0.036,210.557
6.02 Y-1,26.04,0.03625,206.27206
6.02 Y-1,26.04,0.0365,202.80808
6.02 Y-1,26.04,0.03675,196.01701
6.02 Y-1,26.04,0.037,189.67845
6.02 Y-1,26.04,0.03725,182.87861
6.02 Y-1,26.04,0.0375,174.62911
6.02 Y-1,26.04,0.03775,169.97731
6.02 Y-1,26.04,0.038,165.88111
6.02 Y-1,26.04,0.03825,160.67968
6.02 Y-1,26.04,0.0385,157.89149
6.02 Y-1,26.04,0.03875,155.94324
6.02 Y-1,26.04,0.039,154.35483
6.02 Y-1,26.04,0.03925,156.30825
6.02 Y-1,26.04,0.0395,159.0679
6.02 Y-1,26.04,0.03975,161.27268
6.02 Y-1,26.04,0.04,165.77123
6.02 Y-1,26.04,0.04025,169.68652
6.02 Y-1,26.04,0.0405,171.77419
6.02 Y-1,26.04,0.04075,176.56581
6.02 Y-1,26.04,0.041,180.79479
6.02 Y-1,26.04,0.04125,184.7575
6.02 Y-1,26.04,0.0415,190.00341
6.02 Y-1,26.04,0.04175,192.1566
6.02 Y-1,26.04,0.042,191.90051
6.02 Y-1,26.04,0.04225,193.05992
6.02 Y-1,26.04,0.0425,194.0568
6.02 Y-1,26.04,0.04275,194.39916
6.02 Y-1,26.04,0.043,195.63817
6.02 Y-1,26.04,0.04325,194.30998
6.02 Y-1,26.04,0.0435,191.10751
6.02 Y-1,26.04,0.04375,189.03447
6.02 Y-1,26.04,0.044,185.44638
6.02 Y-1,26.04,0.04425,181.26321
6.02 Y-1,26.04,0.0445,179.68216
6.02 Y-1,26.04,0.04475,177.05636
6.02 Y-1,26.04,0.045,174.24565
6.02 Y-1,26.04,0.04525,172.91692
6.02 Y-1,26.04,0.0455,170.26773
6.02 Y-1,26.04,0.04575,167.97163
6.02 Y-1,26.04,0.046,168.2156
6.02 Y-1,26.04,0.04625,167.84272
6.02 Y-1,26.04,0.0465,166.63818
6.02 Y-1,26.04,0.04675,166.4268
6.02 Y-1,26.04,0.047,164.72803
6.02 Y-1,26.04,0.04725,162.51186
6.02 Y-1,26.04,0.0475,161.89004
6.02 Y-1,26.04,0.04775,160.15471
6.02 Y-1,26.04,0.048,157.18134
6.02 Y-1,26.04,0.04825,155.6287
6.02 Y-1,26.04,0.0485,152.06146
6.02 Y-1,26.04,0.04875,148.66733
6.02 Y-1,26.04,0.049,146.67991
6.02 Y-1,26.04,0.04925,142.32173
6.02 Y-1,26.04,0.0495,137.22242
6.02 Y-1,26.04,0.04975,132.36692
6.02 Y-1,26.04,0.05,125.49603
6.02 Y-1,26.04,0.05025,118.60415
6.02 Y-1,26.04,0.0505,113.3118
6.02 Y-1,26.04,0.05075,113.82956
6.02 Y-1,26.04,0.051,104.43801
6.02 Y-1,26.04,0.05125,96.128778
6.02 Y-1,26.04,0.0515,89.189892
6.02 Y-1,26.04,0.05175,82.844023
5.6 Y-1,36,0.0135,8029.6148
5.6 Y-1,36,0.01375,7892.6237
5.6 Y-1,36,0.014,7727.8308
5.6 Y-1,36,0.01425,7543.2274
5.6 Y-1,36,0.0145,7342.187
5.6 Y-1,36,0.01475,10020.008
5.6 Y-1,36,0.015,9597.4495
5.6 Y-1,36,0.01525,9183.1122
5.6 Y-1,36,0.0155,8779.6598
5.6 Y-1,36,0.01575,8388.4758
5.6 Y-1,36,0.016,8010.3756
5.6 Y-1,36,0.01625,6974.1852
5.6 Y-1,36,0.0165,6043.3477
5.6 Y-1,36,0.01675,5209.3388
5.6 Y-1,36,0.017,4467.1694
5.6 Y-1,36,0.01725,3810.9201
5.6 Y-1,36,0.0175,3232.7281
5.6 Y-1,36,0.01775,2726.8557
5.6 Y-1,36,0.018,2287.9433
5.6 Y-1,36,0.01825,1908.6155
5.6 Y-1,36,0.0185,1583.8933
5.6 Y-1,36,0.01875,1308.5717
5.6 Y-1,36,0.019,1077.9715
5.6 Y-1,36,0.01925,884.40535
5.6 Y-1,36,0.0195,724.90289
5.6 Y-1,36,0.01975,596.54691
5.6 Y-1,36,0.02,495.33218
5.6 Y-1,36,0.02025,417.85181
5.6 Y-1,36,0.0205,362.30523
5.6 Y-1,36,0.02075,322.78467
5.6 Y-1,36,0.021,297.21815
5.6 Y-1,36,0.02125,283.18058
5.6 Y-1,36,0.0215,277.92535
5.6 Y-1,36,0.02175,280.25706
5.6 Y-1,36,0.022,288.20684
5.6 Y-1,36,0.02225,298.97954
5.6 Y-1,36,0.0225,312.03023
5.6 Y-1,36,0.02275,325.0752
5.6 Y-1,36,0.023,334.19105
5.6 Y-1,36,0.02325,341.81626
5.6 Y-1,36,0.0235,347.93775
5.6 Y-1,36,0.02375,349.28577
5.6 Y-1,36,0.024,348.60192
5.6 Y-1,36,0.02425,345.25096
5.6 Y-1,36,0.0245,337.74401
5.6 Y-1,36,0.02475,330.11335
5.6 Y-1,36,0.025,322.19058
5.6 Y-1,36,0.02525,312.83791
5.6 Y-1,36,0.0255,305.68191
5.6 Y-1,36,0.02575,299.92534
5.6 Y-1,36,0.026,293.65111
5.6 Y-1,36,0.02625,288.72702
5.6 Y-1,36,0.0265,284.21543
5.6 Y-1,36,0.02675,279.67734
5.6 Y-1,36,0.027,278.60539
5.6 Y-1,36,0.02725,277.96354
5.6 Y-1,36,0.0275,277.11481
5.6 Y-1,36,0.02775,279.05167
5.6 Y-1,36,0.028,281.11218
5.6 Y-1,36,0.02825,283.04287
5.6 Y-1,36,0.0285,286.19254
5.6 Y-1,36,0.02875,288.19407
5.6 Y-1,36,0.029,289.85307
5.6 Y-1,36,0.02925,293.43095
5.6 Y-1,36,0.0295,294.16703
5.6 Y-1,36,0.02975,294.60762
5.6 Y-1,36,0.03,294.90642
5.6 Y-1,36,0.03025,293.60961
5.6 Y-1,36,0.0305,292.12601
5.6 Y-1,36,0.03075,291.63182
5.6 Y-1,36,0.031,288.9603
5.6 Y-1,36,0.03125,286.67886
5.6 Y-1,36,0.0315,285.20292
5.6 Y-1,36,0.03175,282.9346
5.6 Y-1,36,0.032,281.11746
5.6 Y-1,36,0.03225,280.01638
5.6 Y-1,36,0.0325,277.61964
5.6 Y-1,36,0.03275,277.94418
5.6 Y-1,36,0.033,279.04562
5.6 Y-1,36,0.03325,278.93694
5.6 Y-1,36,0.0335,280.05462
5.6 Y-1,36,0.03375,281.60323
5.6 Y-1,36,0.034,283.03074
5.6 Y-1,36,0.03425,286.57757
5.6 Y-1,36,0.0345,289.854
5.6 Y-1,36,0.03475,291.30926
5.6 Y-1,36,0.035,294.61163
5.6 Y-1,36,0.03525,297.36441
5.6 Y-1,36,0.0355,298.246
5.6 Y-1,36,0.03575,300.01909
5.6 Y-1,36,0.036,300.73228
5.6 Y-1,36,0.03625,300.60687
5.6 Y-1,36,0.0365,301.1938
5.6 Y-1,36,0.03675,299.16708
5.6 Y-1,36,0.037,295.89135
5.6 Y-1,36,0.03725,294.36766
5.6 Y-1,36,0.0375,292.96762
5.6 Y-1,36,0.03775,290.82253
5.6 Y-1,36,0.038,290.34286
5.6 Y-1,36,0.03825,288.11513
5.6 Y-1,36,0.0385,285.72797
5.6 Y-1,36,0.03875,285.33866
5.6 Y-1,36,0.039,283.28576
5.6 Y-1,36,0.03925,281.9462
5.6 Y-1,36,0.0395,283.17628
5.6 Y-1,36,0.03975,283.04549
5.6 Y-1,36,0.04,282.5337
5.6 Y-1,36,0.04025,282.20315
5.6 Y-1,36,0.0405,280.23528
5.6 Y-1,36,0.04075,278.38554
5.6 Y-1,36,0.041,278.07102
5.6 Y-1,36,0.04125,275.76218
5.6 Y-1,36,0.0415,273.33297
5.6 Y-1,36,0.04175,271.34461
5.6 Y-1,36,0.042,266.45472
5.6 Y-1,36,0.04225,262.33281
5.6 Y-1,36,0.0425,258.6155
5.6 Y-1,36,0.04275,253.42728
5.6 Y-1,36,0.043,250.65689
5.6 Y-1,36,0.04325,248.58882
5.6 Y-1,36,0.0435,244.98493
5.6 Y-1,36,0.04375,242.8822
5.6 Y-1,36,0.044,242.49627
5.6 Y-1,36,0.04425,241.61483
5.6 Y-1,36,0.0445,242.86201
5.6 Y-1,36,0.04475,246.29798
5.6 Y-1,36,0.045,248.01212
5.6 Y-1,36,0.04525,251.4422
5.6 Y-1,36,0.0455,255.60557
5.6 Y-1,36,0.04575,257.99556
5.6 Y-1,36,0.046,262.80578
5.6 Y-1,36,0.04625,267.44264
5.6 Y-1,36,0.0465,270.2693
5.6 Y-1,36,0.04675,274.09813
5.6 Y-1,36,0.047,276.61219
5.6 Y-1,36,0.04725,277.03995
5.6 Y-1,36,0.0475,277.35232
5.6 Y-1,36,0.04775,276.8295
5.6 Y-1,36,0.048,273.64449
5.6 Y-1,36,0.04825,271.08874
5.6 Y-1,36,0.0485,268.38422
5.6 Y-1,36,0.04875,262.78231
5.6 Y-1,36,0.049,258.3453
5.6 Y-1,36,0.04925,253.90573
5.6 Y-1,36,0.0495,247.79002
5.6 Y-1,36,0.04975,243.99013
5.6 Y-1,36,0.05,240.62165
5.6 Y-1,36,0.05025,237.43839
5.6 Y-1,36,0.0505,237.92539
5.6 Y-1,36,0.05075,239.69251
5.6 Y-1,36,0.051,240.51118
5.6 Y-1,36,0.05125,243.48799
5.6 Y-1,36,0.0515,247.87148
5.6 Y-1,36,0.05175,251.31246
5.6 Y-1,36,0.052,256.99813
5.6 Y-1,36,0.05225,263.67839
5.6 Y-1,36,0.0525,269.34436
5.6 Y-1,36,0.05275,276.37953
5.6 Y-1,36,0.053,283.69512
5.6 Y-1,36,0.05325,288.32025
5.6 Y-1,36,0.0535,294.39596
5.6 Y-1,36,0.05375,300.59762
5.6 Y-1,36,0.054,304.0935
5.6 Y-1,36,0.05425,306.46922
5.6 Y-1,36,0.0545,308.06422
5.6 Y-1,36,0.05475,307.44666
5.6 Y-1,36,0.055,306.61281
5.6 Y-1,36,0.05525,304.88168
5.6 Y-1,36,0.0555,301.72913
5.6 Y-1,36,0.05575,298.18392
5.6 Y-1,36,0.056,295.19247
5.6 Y-1,36,0.05625,290.14221
5.6 Y-1,36,0.0565,284.72879
5.6 Y-1,36,0.05675,281.25846
5.6 Y-1,36,0.057,277.88082
5.6 Y-1,36,0.05725,275.95806
5.6 Y-1,36,0.0575,275.20091
5.6 Y-1,36,0.05775,273.7506
5.6 Y-1,36,0.058,273.4252
5.6 Y-1,36,0.05825,275.57926
5.6 Y-1,36,0.0585,276.24038
5.6 Y-1,36,0.05875,276.88552
5.6 Y-1,36,0.059,279.63655
5.6 Y-1,36,0.05925,282.41089
5.6 Y-1,36,0.0595,284.26117
5.6 Y-1,36,0.05975,287.34498
5.6 Y-1,36,0.06,288.99769
5.6 Y-1,36,0.06025,289.63671
5.6 Y-1,36,0.0605,290.7857
5.6 Y-1,36,0.06075,290.76966
5.6 Y-1,36,0.061,288.55763
5.6 Y-1,36,0.06125,287.64769
5.6 Y-1,36,0.0615,286.4632
5.6 Y-1,36,0.06175,284.28668
5.6 Y-1,36,0.062,283.0372
5.6 Y-1,36,0.06225,281.53918
5.6 Y-1,36,0.0625,279.41506
5.6 Y-1,36,0.06275,278.51352
5.6 Y-1,36,0.063,277.62894
5.6 Y-1,36,0.06325,276.30567
5.6 Y-1,36,0.0635,276.20561
5.6 Y-1,36,0.06375,276.64883
5.6 Y-1,36,0.064,276.43894
5.6 Y-1,36,0.06425,276.65466
5.6 Y-1,36,0.0645,276.84121
5.6 Y-1,36,0.06475,275.44005
5.6 Y-1,36,0.065,273.4529
5.6 Y-1,36,0.06525,270.92406
5.6 Y-1,36,0.0655,266.49984
5.6 Y-1,36,0.06575,261.46539
5.6 Y-1,36,0.066,256.59607
5.6 Y-1,36,0.06625,249.6964
5.6 Y-1,36,0.0665,241.92719
5.6 Y-1,36,0.06675,234.52586
5.6 Y-1,36,0.067,225.3663
5.6 Y-1,36,0.06725,215.31849
5.6 Y-1,36,0.0675,206.03303
5.6 Y-1,36,0.06775,197.25754
5.6 Y-1,36,0.068,189.18376
5.6 Y-1,36,0.06825,183.45266
5.6 Y-1,36,0.0685,178.98226
5.6 Y-1,36,0.06875,174.7471
5.6 Y-1,36,0.069,173.65706
5.6 Y-1,36,0.06925,173.94926
5.6 Y-1,36,0.0695,174.34605
5.6 Y-1,36,0.06975,177.06808
5.6 Y-1,36,0.07,180.6983
5.6 Y-1,36,0.07025,184.28947
5.6 Y-1,36,0.0705,188.96373
5.6 Y-1,36,0.07075,192.94998
5.6 Y-1,36,0.071,196.00463
5.6 Y-1,36,0.07125,198.92038
5.6 Y-1,36,0.0715,201.23164
5.6 Y-1,36,0.07175,201.69826
5.6 Y-1,36,0.072,201.10507
5.6 Y-1,36,0.07225,199.7508
5.6 Y-1,36,0.0725,196.7015
5.6 Y-1,36,0.07275,193.38556
5.6 Y-1,36,0.073,189.91299
5.6 Y-1,36,0.07325,184.65249
5.6 Y-1,36,0.0735,179.08502
5.6 Y-1,36,0.07375,173.55045
5.6 Y-1,36,0.074,167.07136
5.6 Y-1,36,0.07425,160.88808
5.6 Y-1,36,0.0745,155.02973
5.6 Y-1,36,0.07475,150.37944
5.6 Y-1,36,0.075,146.1789
5.6 Y-1,36,0.07525,142.96425
5.6 Y-1,36,0.0755,141.08027
5.6 Y-1,36,0.07575,139.32855
5.6 Y-1,36,0.076,138.44861
5.6 Y-1,36,0.07625,139.0954
5.6 Y-1,36,0.0765,139.70685
5.6 Y-1,36,0.07675,141.14452
5.6 Y-1,36,0.077,142.53982
5.6 Y-1,36,0.07725,143.59983
5.6 Y-1,36,0.0775,143.82911
5.6 Y-1,36,0.07775,143.23688
5.6 Y-1,36,0.078,142.11356
5.6 Y-1,36,0.07825,139.05213
5.6 Y-1,36,0.0785,149.26906
5.6 Y-1,36,0.07875,140.36257
5.6 Y-1,36,0.079,132.554
5.6 Y-1,36,0.07925,125.24601
5.6 Y-1,36,0.0795,116.02572
5.25 Y-1,43.75,0.01025,7310.7361
5.25 Y-1,43.75,0.0105,7647.4264
5.25 Y-1,43.75,0.01075,7852.5825
5.25 Y-1,43.75,0.011,11262.108
5.25 Y-1,43.75,0.01125,10951.171
5.25 Y-1,43.75,0.0115,10581.388
5.25 Y-1,43.75,0.01175,10163.859
5.25 Y-1,43.75,0.012,9351.8694
5.25 Y-1,43.75,0.01225,7648.4506
5.25 Y-1,43.75,0.0125,6207.7657
5 Y-1,48.9796,0.01325,9804.5789
5 Y-1,48.9796,0.0135,9672.8348
5 Y-1,48.9796,0.01375,9502.1996
5 Y-1,48.9796,0.014,9288.5322
5 Y-1,48.9796,0.01425,9044.3042
5 Y-1,48.9796,0.0145,12277.015
5 Y-1,48.9796,0.01475,11775.055
5 Y-1,48.9796,0.015,11272.727
5 Y-1,48.9796,0.01525,10769.045
5 Y-1,48.9796,0.0155,10274.976
5 Y-1,48.9796,0.01575,9794.2717
5 Y-1,48.9796,0.016,8510.8076
5 Y-1,48.9796,0.01625,7350.2613
5 Y-1,48.9796,0.0165,6308.1122
5 Y-1,48.9796,0.01675,5380.4386
5 Y-1,48.9796,0.017,4560.7235
5 Y-1,48.9796,0.01725,3830.9291
5 Y-1,48.9796,0.0175,3182.6978
5 Y-1,48.9796,0.01775,2613.0472
5 Y-1,48.9796,0.018,2126.5587
5 Y-1,48.9796,0.01825,1711.4893
5 Y-1,48.9796,0.0185,1360.9482
5 Y-1,48.9796,0.01875,1067.3362
5 Y-1,48.9796,0.019,824.85499
5 Y-1,48.9796,0.01925,627.33784
5 Y-1,48.9796,0.0195,467.89683
5 Y-1,48.9796,0.01975,340.20927
5 Y-1,48.9796,0.02,241.21918
5 Y-1,48.9796,0.02025,168.80728
5 Y-1,48.9796,0.0205,119.1083
5 Y-1,48.9796,0.02075,86.030459
5 Y-1,48.9796,0.021,65.573953
5 Y-1,48.9796,0.02125,54.64729
5 Y-1,48.9796,0.0215,53.462762
5 Y-1,48.9796,0.02175,62.038077
5 Y-1,48.9796,0.022,71.299814
5 Y-1,48.9796,0.02225,82.729013
5 Y-1,48.9796,0.0225,94.06666
5 Y-1,48.9796,0.02275,102.46538
5 Y-1,48.9796,0.023,110.4648
5 Y-1,48.9796,0.02325,117.04636
5 Y-1,48.9796,0.0235,119.36552
5 Y-1,48.9796,0.02375,121.09109
5 Y-1,48.9796,0.024,120.42081
5 Y-1,48.9796,0.02425,116.42439
5 Y-1,48.9796,0.0245,109.28758
5 Y-1,48.9796,0.02475,103.47063
5 Y-1,48.9796,0.025,96.875943
5 Y-1,48.9796,0.02525,92.331643
5 Y-1,48.9796,0.0255,87.995287
5 Y-1,48.9796,0.02575,83.097633
5 Y-1,48.9796,0.026,79.843071
5 Y-1,48.9796,0.02625,77.602583
5 Y-1,48.9796,0.0265,75.52191
5 Y-1,48.9796,0.02675,75.490698
5 Y-1,48.9796,0.027,74.575564
5 Y-1,48.9796,0.02725,72.876178
5 Y-1,48.9796,0.0275,71.714956
5 Y-1,48.9796,0.02775,70.729755
5 Y-1,48.9796,0.028,69.186921
5 Y-1,48.9796,0.02825,68.681064
5 Y-1,48.9796,0.0285,65.827673
5 Y-1,48.9796,0.02875,62.013445
5 Y-1,48.9796,0.029,59.268525
5 Y-1,48.9796,0.02925,55.117944
5 Y-1,48.9796,0.0295,51.074985
5 Y-1,48.9796,0.02975,48.379956
5 Y-1,48.9796,0.03,44.954455
5 Y-1,48.9796,0.03025,42.544134
5 Y-1,48.9796,0.0305,40.68738
5 Y-1,48.9796,0.03075,38.097299
5 Y-1,48.9796,0.031,37.058441
5 Y-1,48.9796,0.03125,37.907634
5 Y-1,48.9796,0.0315,37.7701
5 Y-1,48.9796,0.03175,38.289786
5 Y-1,48.9796,0.032,38.774256
5 Y-1,48.9796,0.03225,38.730116
5 Y-1,48.9796,0.0325,41.130802
5 Y-1,48.9796,0.03275,42.925329
5 Y-1,48.9796,0.033,42.715185
5 Y-1,48.9796,0.03325,42.779891
5 Y-1,48.9796,0.0335,42.612263
5 Y-1,48.9796,0.03375,41.776726
5 Y-1,48.9796,0.034,42.611666
5 Y-1,48.9796,0.03425,42.173604
5 Y-1,48.9796,0.0345,40.92573
5 Y-1,48.9796,0.03475,41.476841
5 Y-1,48.9796,0.035,40.688849
5 Y-1,48.9796,0.03525,39.196497
5 Y-1,48.9796,0.0355,40.750587
5 Y-1,48.9796,0.03575,41.508297
5 Y-1,48.9796,0.036,42.667164
5 Y-1,48.9796,0.03625,44.580907
5 Y-1,48.9796,0.0365,45.559013
5 Y-1,48.9796,0.03675,46.281203
5 Y-1,48.9796,0.037,49.581811
5 Y-1,48.9796,0.03725,51.980143
5 Y-1,48.9796,0.0375,53.650488
5 Y-1,48.9796,0.03775,62.622859
5 Y-1,48.9796,0.038,60.607303
5 Y-1,48.9796,0.03825,58.866037
5 Y-1,48.9796,0.0385,57.126253
5 Y-1,48.9796,0.03875,53.942674
