state,stem_id,condition_label,diffraction_id,filename_channel,tiff,mrc,emd,detector_xml,detector_note,alpha_deg,beta_deg,time_utc
M-7.00,0006,C1,0001,BF-S,data/9_DF/DF/0006 - 7MM 22500 x STEM BF-S.tif,data/9_DF/DF/0006 - 7MM 22500 x STEM BF-S.mrc,data/9_DF/DF/0006 - 7MM 22500 x STEM.emd,BF-S,,-16.513550132198006,17.46472199073632,2026-09-23T05:55:15.000Z
M-7.00,0006,C1,0001,DF-S,data/9_DF/DF/0006 - 7MM 22500 x STEM DF-S.tif,data/9_DF/DF/0006 - 7MM 22500 x STEM DF-S.mrc,data/9_DF/DF/0006 - 7MM 22500 x STEM.emd,DF-S,,-16.513550132198006,17.46472199073632,2026-09-23T05:55:15.000Z
M-7.00,0006,C1,0001,DF-O,data/9_DF/DF/0006 - 7MM 22500 x STEM DF-O.tif,data/9_DF/DF/0006 - 7MM 22500 x STEM DF-O.mrc,data/9_DF/DF/0006 - 7MM 22500 x STEM.emd,DF-S,filename/XML identity differs; preserve source labels,-16.513550132198006,17.461810622602602,2026-09-23T05:55:15.000Z
M-7.00,0006,C1,0001,HAADF,data/9_DF/DF/0006 - 7MM 22500 x STEM HAADF.tif,data/9_DF/DF/0006 - 7MM 22500 x STEM HAADF.mrc,data/9_DF/DF/0006 - 7MM 22500 x STEM.emd,HAADF,,-16.513550132198006,17.46472199073632,2026-09-23T05:55:15.000Z
M-7.00,0007,C1,0001,BF-S,data/9_DF/DF/0007 - 7MM 32000 x STEM BF-S.tif,data/9_DF/DF/0007 - 7MM 32000 x STEM BF-S.mrc,data/9_DF/DF/0007 - 7MM 32000 x STEM.emd,BF-S,,-16.513550132198006,17.463267160443106,2026-09-23T05:55:47.000Z
M-7.00,0007,C1,0001,DF-S,data/9_DF/DF/0007 - 7MM 32000 x STEM DF-S.tif,data/9_DF/DF/0007 - 7MM 32000 x STEM DF-S.mrc,data/9_DF/DF/0007 - 7MM 32000 x STEM.emd,DF-S,,-16.513550132198006,17.463267160443106,2026-09-23T05:55:47.000Z
M-7.00,0007,C1,0001,DF-O,data/9_DF/DF/0007 - 7MM 32000 x STEM DF-O.tif,data/9_DF/DF/0007 - 7MM 32000 x STEM DF-O.mrc,data/9_DF/DF/0007 - 7MM 32000 x STEM.emd,DF-S,filename/XML identity differs; preserve source labels,-16.513550132198006,17.463267160443106,2026-09-23T05:55:48.000Z
M-7.00,0007,C1,0001,HAADF,data/9_DF/DF/0007 - 7MM 32000 x STEM HAADF.tif,data/9_DF/DF/0007 - 7MM 32000 x STEM HAADF.mrc,data/9_DF/DF/0007 - 7MM 32000 x STEM.emd,HAADF,,-16.513550132198006,17.463267160443106,2026-09-23T05:55:47.000Z
M-7.00,0008,C1,0001,BF-S,data/9_DF/DF/0008 - 7MM 45000 x STEM BF-S.tif,data/9_DF/DF/0008 - 7MM 45000 x STEM BF-S.mrc,data/9_DF/DF/0008 - 7MM 45000 x STEM.emd,BF-S,,-16.513550132198006,17.462780509464743,2026-09-23T05:56:27.000Z
M-7.00,0008,C1,0001,DF-S,data/9_DF/DF/0008 - 7MM 45000 x STEM DF-S.tif,data/9_DF/DF/0008 - 7MM 45000 x STEM DF-S.mrc,data/9_DF/DF/0008 - 7MM 45000 x STEM.emd,DF-S,,-16.513550132198006,17.462780509464743,2026-09-23T05:56:27.000Z
M-7.00,0008,C1,0001,DF-O,data/9_DF/DF/0008 - 7MM 45000 x STEM DF-O.tif,data/9_DF/DF/0008 - 7MM 45000 x STEM DF-O.mrc,data/9_DF/DF/0008 - 7MM 45000 x STEM.emd,DF-S,filename/XML identity differs; preserve source labels,-16.513550132198006,17.462780509464743,2026-09-23T05:56:27.000Z
M-7.00,0008,C1,0001,HAADF,data/9_DF/DF/0008 - 7MM 45000 x STEM HAADF.tif,data/9_DF/DF/0008 - 7MM 45000 x STEM HAADF.mrc,data/9_DF/DF/0008 - 7MM 45000 x STEM.emd,HAADF,,-16.513550132198006,17.462780509464743,2026-09-23T05:56:27.000Z
M-7.00,0009,C2,0003,BF-S,data/9_DF/DF/0009 - 7MM 22500 x STEM BF-S.tif,data/9_DF/DF/0009 - 7MM 22500 x STEM BF-S.mrc,data/9_DF/DF/0009 - 7MM 22500 x STEM.emd,BF-S,,-23.31220109529924,17.44578699880975,2026-09-23T05:58:19.000Z
M-7.00,0009,C2,0003,DF-S,data/9_DF/DF/0009 - 7MM 22500 x STEM DF-S.tif,data/9_DF/DF/0009 - 7MM 22500 x STEM DF-S.mrc,data/9_DF/DF/0009 - 7MM 22500 x STEM.emd,DF-S,,-23.31220109529924,17.44578699880975,2026-09-23T05:58:19.000Z
M-7.00,0009,C2,0003,DF-O,data/9_DF/DF/0009 - 7MM 22500 x STEM DF-O.tif,data/9_DF/DF/0009 - 7MM 22500 x STEM DF-O.mrc,data/9_DF/DF/0009 - 7MM 22500 x STEM.emd,DF-S,filename/XML identity differs; preserve source labels,-23.31220109529924,17.44578699880975,2026-09-23T05:58:19.000Z
M-7.00,0009,C2,0003,HAADF,data/9_DF/DF/0009 - 7MM 22500 x STEM HAADF.tif,data/9_DF/DF/0009 - 7MM 22500 x STEM HAADF.mrc,data/9_DF/DF/0009 - 7MM 22500 x STEM.emd,HAADF,,-23.31220109529924,17.44578699880975,2026-09-23T05:58:19.000Z
M-7.00,0010,C2,0003,BF-S,data/9_DF/DF/0010 - 7MM 32000 x STEM BF-S.tif,data/9_DF/DF/0010 - 7MM 32000 x STEM BF-S.mrc,data/9_DF/DF/0010 - 7MM 32000 x STEM.emd,BF-S,,-23.31220109529924,17.446271942240823,2026-09-23T05:59:31.000Z
M-7.00,0010,C2,0003,DF-S,data/9_DF/DF/0010 - 7MM 32000 x STEM DF-S.tif,data/9_DF/DF/0010 - 7MM 32000 x STEM DF-S.mrc,data/9_DF/DF/0010 - 7MM 32000 x STEM.emd,DF-S,,-23.31220109529924,17.446271942240823,2026-09-23T05:59:31.000Z
M-7.00,0010,C2,0003,DF-O,data/9_DF/DF/0010 - 7MM 32000 x STEM DF-O.tif,data/9_DF/DF/0010 - 7MM 32000 x STEM DF-O.mrc,data/9_DF/DF/0010 - 7MM 32000 x STEM.emd,DF-S,filename/XML identity differs; preserve source labels,-23.31220109529924,17.446271942240823,2026-09-23T05:59:32.000Z
M-7.00,0010,C2,0003,HAADF,data/9_DF/DF/0010 - 7MM 32000 x STEM HAADF.tif,data/9_DF/DF/0010 - 7MM 32000 x STEM HAADF.mrc,data/9_DF/DF/0010 - 7MM 32000 x STEM.emd,HAADF,,-23.31220109529924,17.446271942240823,2026-09-23T05:59:31.000Z
M-7.00,0011,C2,0003,BF-S,data/9_DF/DF/0011 - 7MM 45000 x STEM BF-S.tif,data/9_DF/DF/0011 - 7MM 45000 x STEM BF-S.mrc,data/9_DF/DF/0011 - 7MM 45000 x STEM.emd,BF-S,,-23.31220109529924,17.443357159012518,2026-09-23T06:00:44.000Z
M-7.00,0011,C2,0003,DF-S,data/9_DF/DF/0011 - 7MM 45000 x STEM DF-S.tif,data/9_DF/DF/0011 - 7MM 45000 x STEM DF-S.mrc,data/9_DF/DF/0011 - 7MM 45000 x STEM.emd,DF-S,,-23.31220109529924,17.443357159012518,2026-09-23T06:00:44.000Z
M-7.00,0011,C2,0003,DF-O,data/9_DF/DF/0011 - 7MM 45000 x STEM DF-O.tif,data/9_DF/DF/0011 - 7MM 45000 x STEM DF-O.mrc,data/9_DF/DF/0011 - 7MM 45000 x STEM.emd,DF-S,filename/XML identity differs; preserve source labels,-23.31220109529924,17.443357159012518,2026-09-23T06:00:44.000Z
M-7.00,0011,C2,0003,HAADF,data/9_DF/DF/0011 - 7MM 45000 x STEM HAADF.tif,data/9_DF/DF/0011 - 7MM 45000 x STEM HAADF.mrc,data/9_DF/DF/0011 - 7MM 45000 x STEM.emd,HAADF,,-23.31220109529924,17.443357159012518,2026-09-23T06:00:44.000Z
M-7.00,0012,C3,0004,BF-S,data/9_DF/DF/0012 - 7MM 22500 x STEM BF-S.tif,data/9_DF/DF/0012 - 7MM 22500 x STEM BF-S.mrc,data/9_DF/DF/0012 - 7MM 22500 x STEM.emd,BF-S,,-13.371394407864901,6.637157778784435,2026-09-23T06:05:49.000Z
M-7.00,0012,C3,0004,DF-S,data/9_DF/DF/0012 - 7MM 22500 x STEM DF-S.tif,data/9_DF/DF/0012 - 7MM 22500 x STEM DF-S.mrc,data/9_DF/DF/0012 - 7MM 22500 x STEM.emd,DF-S,,-13.371394407864901,6.637157778784435,2026-09-23T06:05:49.000Z
M-7.00,0012,C3,0004,DF-O,data/9_DF/DF/0012 - 7MM 22500 x STEM DF-O.tif,data/9_DF/DF/0012 - 7MM 22500 x STEM DF-O.mrc,data/9_DF/DF/0012 - 7MM 22500 x STEM.emd,DF-S,filename/XML identity differs; preserve source labels,-13.371394407864901,6.637157778784435,2026-09-23T06:05:49.000Z
M-7.00,0012,C3,0004,HAADF,data/9_DF/DF/0012 - 7MM 22500 x STEM HAADF.tif,data/9_DF/DF/0012 - 7MM 22500 x STEM HAADF.mrc,data/9_DF/DF/0012 - 7MM 22500 x STEM.emd,HAADF,,-13.371394407864901,6.637157778784435,2026-09-23T06:05:49.000Z
M-7.00,0013,C3,0004,BF-S,data/9_DF/DF/0013 - 7MM 32000 x STEM BF-S.tif,data/9_DF/DF/0013 - 7MM 32000 x STEM BF-S.mrc,data/9_DF/DF/0013 - 7MM 32000 x STEM.emd,BF-S,,-13.371394407864901,6.637157778784435,2026-09-23T06:07:23.000Z
M-7.00,0013,C3,0004,DF-S,data/9_DF/DF/0013 - 7MM 32000 x STEM DF-S.tif,data/9_DF/DF/0013 - 7MM 32000 x STEM DF-S.mrc,data/9_DF/DF/0013 - 7MM 32000 x STEM.emd,DF-S,,-13.371394407864901,6.637157778784435,2026-09-23T06:07:23.000Z
M-7.00,0013,C3,0004,DF-O,data/9_DF/DF/0013 - 7MM 32000 x STEM DF-O.tif,data/9_DF/DF/0013 - 7MM 32000 x STEM DF-O.mrc,data/9_DF/DF/0013 - 7MM 32000 x STEM.emd,DF-S,filename/XML identity differs; preserve source labels,-13.371394407864901,6.637157778784435,2026-09-23T06:07:23.000Z
M-7.00,0013,C3,0004,HAADF,data/9_DF/DF/0013 - 7MM 32000 x STEM HAADF.tif,data/9_DF/DF/0013 - 7MM 32000 x STEM HAADF.mrc,data/9_DF/DF/0013 - 7MM 32000 x STEM.emd,HAADF,,-13.371394407864901,6.637157778784435,2026-09-23T06:07:23.000Z
M-7.00,0014,C3,0004,BF-S,data/9_DF/DF/0014 - 7MM 45000 x STEM BF-S.tif,data/9_DF/DF/0014 - 7MM 45000 x STEM BF-S.mrc,data/9_DF/DF/0014 - 7MM 45000 x STEM.emd,BF-S,,-13.371394407864901,6.636672408466541,2026-09-23T06:08:40.000Z
M-7.00,0014,C3,0004,DF-S,data/9_DF/DF/0014 - 7MM 45000 x STEM DF-S.tif,data/9_DF/DF/0014 - 7MM 45000 x STEM DF-S.mrc,data/9_DF/DF/0014 - 7MM 45000 x STEM.emd,DF-S,,-13.371394407864901,6.636672408466541,2026-09-23T06:08:40.000Z
M-7.00,0014,C3,0004,DF-O,data/9_DF/DF/0014 - 7MM 45000 x STEM DF-O.tif,data/9_DF/DF/0014 - 7MM 45000 x STEM DF-O.mrc,data/9_DF/DF/0014 - 7MM 45000 x STEM.emd,DF-S,filename/XML identity differs; preserve source labels,-13.371394407864901,6.636672408466541,2026-09-23T06:08:40.000Z
M-7.00,0014,C3,0004,HAADF,data/9_DF/DF/0014 - 7MM 45000 x STEM HAADF.tif,data/9_DF/DF/0014 - 7MM 45000 x STEM HAADF.mrc,data/9_DF/DF/0014 - 7MM 45000 x STEM.emd,HAADF,,-13.371394407864901,6.636672408466541,2026-09-23T06:08:40.000Z
M-7.00,0015,C4,0005,BF-S,data/9_DF/DF/0015 - 7MM 22500 x STEM BF-S.tif,data/9_DF/DF/0015 - 7MM 22500 x STEM BF-S.mrc,data/9_DF/DF/0015 - 7MM 22500 x STEM.emd,BF-S,,-18.571884166246317,2.9031800175635594,2026-09-23T06:10:53.000Z
M-7.00,0015,C4,0005,DF-S,data/9_DF/DF/0015 - 7MM 22500 x STEM DF-S.tif,data/9_DF/DF/0015 - 7MM 22500 x STEM DF-S.mrc,data/9_DF/DF/0015 - 7MM 22500 x STEM.emd,DF-S,,-18.571884166246317,2.9031800175635594,2026-09-23T06:10:53.000Z
M-7.00,0015,C4,0005,DF-O,data/9_DF/DF/0015 - 7MM 22500 x STEM DF-O.tif,data/9_DF/DF/0015 - 7MM 22500 x STEM DF-O.mrc,data/9_DF/DF/0015 - 7MM 22500 x STEM.emd,DF-S,filename/XML identity differs; preserve source labels,-18.571884166246317,2.9031800175635594,2026-09-23T06:10:53.000Z
M-7.00,0015,C4,0005,HAADF,data/9_DF/DF/0015 - 7MM 22500 x STEM HAADF.tif,data/9_DF/DF/0015 - 7MM 22500 x STEM HAADF.mrc,data/9_DF/DF/0015 - 7MM 22500 x STEM.emd,HAADF,,-18.571884166246317,2.9031800175635594,2026-09-23T06:10:53.000Z
M-7.00,0016,C4,0005,BF-S,data/9_DF/DF/0016 - 7MM 32000 x STEM BF-S.tif,data/9_DF/DF/0016 - 7MM 32000 x STEM BF-S.mrc,data/9_DF/DF/0016 - 7MM 32000 x STEM.emd,BF-S,,-18.571884166246317,2.9036656013248647,2026-09-23T06:12:12.000Z
M-7.00,0016,C4,0005,DF-S,data/9_DF/DF/0016 - 7MM 32000 x STEM DF-S.tif,data/9_DF/DF/0016 - 7MM 32000 x STEM DF-S.mrc,data/9_DF/DF/0016 - 7MM 32000 x STEM.emd,DF-S,,-18.571884166246317,2.9036656013248647,2026-09-23T06:12:12.000Z
M-7.00,0016,C4,0005,DF-O,data/9_DF/DF/0016 - 7MM 32000 x STEM DF-O.tif,data/9_DF/DF/0016 - 7MM 32000 x STEM DF-O.mrc,data/9_DF/DF/0016 - 7MM 32000 x STEM.emd,DF-S,filename/XML identity differs; preserve source labels,-18.571884166246317,2.9036656013248647,2026-09-23T06:12:12.000Z
M-7.00,0016,C4,0005,HAADF,data/9_DF/DF/0016 - 7MM 32000 x STEM HAADF.tif,data/9_DF/DF/0016 - 7MM 32000 x STEM HAADF.mrc,data/9_DF/DF/0016 - 7MM 32000 x STEM.emd,HAADF,,-18.571884166246317,2.9036656013248647,2026-09-23T06:12:12.000Z
M-7.00,0017,C4,0005,BF-S,data/9_DF/DF/0017 - 7MM 45000 x STEM BF-S.tif,data/9_DF/DF/0017 - 7MM 45000 x STEM BF-S.mrc,data/9_DF/DF/0017 - 7MM 45000 x STEM.emd,BF-S,,-18.571884166246317,2.9031800175635594,2026-09-23T06:13:40.000Z
M-7.00,0017,C4,0005,DF-S,data/9_DF/DF/0017 - 7MM 45000 x STEM DF-S.tif,data/9_DF/DF/0017 - 7MM 45000 x STEM DF-S.mrc,data/9_DF/DF/0017 - 7MM 45000 x STEM.emd,DF-S,,-18.571884166246317,2.9031800175635594,2026-09-23T06:13:40.000Z
M-7.00,0017,C4,0005,DF-O,data/9_DF/DF/0017 - 7MM 45000 x STEM DF-O.tif,data/9_DF/DF/0017 - 7MM 45000 x STEM DF-O.mrc,data/9_DF/DF/0017 - 7MM 45000 x STEM.emd,DF-S,filename/XML identity differs; preserve source labels,-18.571884166246317,2.9031800175635594,2026-09-23T06:13:40.000Z
M-7.00,0017,C4,0005,HAADF,data/9_DF/DF/0017 - 7MM 45000 x STEM HAADF.tif,data/9_DF/DF/0017 - 7MM 45000 x STEM HAADF.mrc,data/9_DF/DF/0017 - 7MM 45000 x STEM.emd,HAADF,,-18.571884166246317,2.9031800175635594,2026-09-23T06:13:40.000Z
Y-5.00,0023,C1,0018,BF-S,data/9_DF/DF/0023 - 5MM 22500 x STEM BF-S.tif,data/9_DF/DF/0023 - 5MM 22500 x STEM BF-S.mrc,data/9_DF/DF/0023 - 5MM 22500 x STEM.emd,BF-S,,-1.341510432673146,-18.853432637688726,2026-09-23T06:57:57.000Z
Y-5.00,0023,C1,0018,DF-S,data/9_DF/DF/0023 - 5MM 22500 x STEM DF-S.tif,data/9_DF/DF/0023 - 5MM 22500 x STEM DF-S.mrc,data/9_DF/DF/0023 - 5MM 22500 x STEM.emd,DF-S,,-1.341510432673146,-18.853432637688726,2026-09-23T06:57:57.000Z
Y-5.00,0023,C1,0018,DF-O,data/9_DF/DF/0023 - 5MM 22500 x STEM DF-O.tif,data/9_DF/DF/0023 - 5MM 22500 x STEM DF-O.mrc,data/9_DF/DF/0023 - 5MM 22500 x STEM.emd,DF-S,filename/XML identity differs; preserve source labels,-1.341510432673146,-18.853432637688726,2026-09-23T06:57:57.000Z
Y-5.00,0023,C1,0018,HAADF,data/9_DF/DF/0023 - 5MM 22500 x STEM HAADF.tif,data/9_DF/DF/0023 - 5MM 22500 x STEM HAADF.mrc,data/9_DF/DF/0023 - 5MM 22500 x STEM.emd,HAADF,,-1.341510432673146,-18.853432637688726,2026-09-23T06:57:57.000Z
Y-5.00,0024,C1,0018,BF-S,data/9_DF/DF/0024 - 5MM 32000 x STEM BF-S.tif,data/9_DF/DF/0024 - 5MM 32000 x STEM BF-S.mrc,data/9_DF/DF/0024 - 5MM 32000 x STEM.emd,BF-S,,-1.341510432673146,-18.8539175811198,2026-09-23T06:58:49.000Z
Y-5.00,0024,C1,0018,DF-S,data/9_DF/DF/0024 - 5MM 32000 x STEM DF-S.tif,data/9_DF/DF/0024 - 5MM 32000 x STEM DF-S.mrc,data/9_DF/DF/0024 - 5MM 32000 x STEM.emd,DF-S,,-1.341510432673146,-18.8539175811198,2026-09-23T06:58:49.000Z
Y-5.00,0024,C1,0018,DF-O,data/9_DF/DF/0024 - 5MM 32000 x STEM DF-O.tif,data/9_DF/DF/0024 - 5MM 32000 x STEM DF-O.mrc,data/9_DF/DF/0024 - 5MM 32000 x STEM.emd,DF-S,filename/XML identity differs; preserve source labels,-1.341510432673146,-18.8539175811198,2026-09-23T06:58:49.000Z
Y-5.00,0024,C1,0018,HAADF,data/9_DF/DF/0024 - 5MM 32000 x STEM HAADF.tif,data/9_DF/DF/0024 - 5MM 32000 x STEM HAADF.mrc,data/9_DF/DF/0024 - 5MM 32000 x STEM.emd,HAADF,,-1.341510432673146,-18.8539175811198,2026-09-23T06:58:49.000Z
Y-5.00,0025,C1,0018,BF-S,data/9_DF/DF/0025 - 5MM 45000 x STEM BF-S.tif,data/9_DF/DF/0025 - 5MM 45000 x STEM BF-S.mrc,data/9_DF/DF/0025 - 5MM 45000 x STEM.emd,BF-S,,-1.341510432673146,-18.851974392300928,2026-09-23T06:59:15.000Z
Y-5.00,0025,C1,0018,DF-S,data/9_DF/DF/0025 - 5MM 45000 x STEM DF-S.tif,data/9_DF/DF/0025 - 5MM 45000 x STEM DF-S.mrc,data/9_DF/DF/0025 - 5MM 45000 x STEM.emd,DF-S,,-1.341510432673146,-18.851974392300928,2026-09-23T06:59:15.000Z
Y-5.00,0025,C1,0018,DF-O,data/9_DF/DF/0025 - 5MM 45000 x STEM DF-O.tif,data/9_DF/DF/0025 - 5MM 45000 x STEM DF-O.mrc,data/9_DF/DF/0025 - 5MM 45000 x STEM.emd,DF-S,filename/XML identity differs; preserve source labels,-1.341510432673146,-18.851974392300928,2026-09-23T06:59:15.000Z
Y-5.00,0025,C1,0018,HAADF,data/9_DF/DF/0025 - 5MM 45000 x STEM HAADF.tif,data/9_DF/DF/0025 - 5MM 45000 x STEM HAADF.mrc,data/9_DF/DF/0025 - 5MM 45000 x STEM.emd,HAADF,,-1.341510432673146,-18.851974392300928,2026-09-23T06:59:15.000Z
Y-5.00,0026,C2,0019,BF-S,data/9_DF/DF/0026 - 5MM 22500 x STEM BF-S.tif,data/9_DF/DF/0026 - 5MM 22500 x STEM BF-S.mrc,data/9_DF/DF/0026 - 5MM 22500 x STEM.emd,BF-S,,-12.512047268472045,-16.562061265500358,2026-09-23T07:01:20.000Z
Y-5.00,0026,C2,0019,DF-S,data/9_DF/DF/0026 - 5MM 22500 x STEM DF-S.tif,data/9_DF/DF/0026 - 5MM 22500 x STEM DF-S.mrc,data/9_DF/DF/0026 - 5MM 22500 x STEM.emd,DF-S,,-12.512047268472045,-16.562061265500358,2026-09-23T07:01:20.000Z
Y-5.00,0026,C2,0019,DF-O,data/9_DF/DF/0026 - 5MM 22500 x STEM DF-O.tif,data/9_DF/DF/0026 - 5MM 22500 x STEM DF-O.mrc,data/9_DF/DF/0026 - 5MM 22500 x STEM.emd,DF-S,filename/XML identity differs; preserve source labels,-12.512047268472045,-16.562061265500358,2026-09-23T07:01:20.000Z
Y-5.00,0026,C2,0019,HAADF,data/9_DF/DF/0026 - 5MM 22500 x STEM HAADF.tif,data/9_DF/DF/0026 - 5MM 22500 x STEM HAADF.mrc,data/9_DF/DF/0026 - 5MM 22500 x STEM.emd,HAADF,,-12.512047268472045,-16.562061265500358,2026-09-23T07:01:20.000Z
Y-5.00,0027,C2,0019,BF-S,data/9_DF/DF/0027 - 5MM 32000 x STEM BF-S.tif,data/9_DF/DF/0027 - 5MM 32000 x STEM BF-S.mrc,data/9_DF/DF/0027 - 5MM 32000 x STEM.emd,BF-S,,-12.512047268472045,-16.563032859909793,2026-09-23T07:03:09.000Z
Y-5.00,0027,C2,0019,DF-S,data/9_DF/DF/0027 - 5MM 32000 x STEM DF-S.tif,data/9_DF/DF/0027 - 5MM 32000 x STEM DF-S.mrc,data/9_DF/DF/0027 - 5MM 32000 x STEM.emd,DF-S,,-12.512047268472045,-16.563032859909793,2026-09-23T07:03:09.000Z
Y-5.00,0027,C2,0019,DF-O,data/9_DF/DF/0027 - 5MM 32000 x STEM DF-O.tif,data/9_DF/DF/0027 - 5MM 32000 x STEM DF-O.mrc,data/9_DF/DF/0027 - 5MM 32000 x STEM.emd,DF-S,filename/XML identity differs; preserve source labels,-12.512047268472045,-16.563032859909793,2026-09-23T07:03:09.000Z
Y-5.00,0027,C2,0019,HAADF,data/9_DF/DF/0027 - 5MM 32000 x STEM HAADF.tif,data/9_DF/DF/0027 - 5MM 32000 x STEM HAADF.mrc,data/9_DF/DF/0027 - 5MM 32000 x STEM.emd,HAADF,,-12.512047268472045,-16.563032859909793,2026-09-23T07:03:09.000Z
Y-5.00,0028,C2,0019,BF-S,data/9_DF/DF/0028 - 5MM 45000 x STEM BF-S.tif,data/9_DF/DF/0028 - 5MM 45000 x STEM BF-S.mrc,data/9_DF/DF/0028 - 5MM 45000 x STEM.emd,BF-S,,-12.512047268472045,-16.55914818981935,2026-09-23T07:03:44.000Z
Y-5.00,0028,C2,0019,DF-S,data/9_DF/DF/0028 - 5MM 45000 x STEM DF-S.tif,data/9_DF/DF/0028 - 5MM 45000 x STEM DF-S.mrc,data/9_DF/DF/0028 - 5MM 45000 x STEM.emd,DF-S,,-12.512047268472045,-16.55914818981935,2026-09-23T07:03:44.000Z
Y-5.00,0028,C2,0019,DF-O,data/9_DF/DF/0028 - 5MM 45000 x STEM DF-O.tif,data/9_DF/DF/0028 - 5MM 45000 x STEM DF-O.mrc,data/9_DF/DF/0028 - 5MM 45000 x STEM.emd,DF-S,filename/XML identity differs; preserve source labels,-12.512047268472045,-16.55914818981935,2026-09-23T07:03:44.000Z
Y-5.00,0028,C2,0019,HAADF,data/9_DF/DF/0028 - 5MM 45000 x STEM HAADF.tif,data/9_DF/DF/0028 - 5MM 45000 x STEM HAADF.mrc,data/9_DF/DF/0028 - 5MM 45000 x STEM.emd,HAADF,,-12.512047268472045,-16.55914818981935,2026-09-23T07:03:44.000Z
Y-5.00,0029,C3,0020,BF-S,data/9_DF/DF/0029 - 5MM 22500 x STEM BF-S.tif,data/9_DF/DF/0029 - 5MM 22500 x STEM BF-S.mrc,data/9_DF/DF/0029 - 5MM 22500 x STEM.emd,BF-S,,1.8328525098314126,-6.851290612566682,2026-09-23T07:05:59.000Z
Y-5.00,0029,C3,0020,DF-S,data/9_DF/DF/0029 - 5MM 22500 x STEM DF-S.tif,data/9_DF/DF/0029 - 5MM 22500 x STEM DF-S.mrc,data/9_DF/DF/0029 - 5MM 22500 x STEM.emd,DF-S,,1.8328525098314126,-6.851290612566682,2026-09-23T07:06:00.000Z
Y-5.00,0029,C3,0020,DF-O,data/9_DF/DF/0029 - 5MM 22500 x STEM DF-O.tif,data/9_DF/DF/0029 - 5MM 22500 x STEM DF-O.mrc,data/9_DF/DF/0029 - 5MM 22500 x STEM.emd,DF-S,filename/XML identity differs; preserve source labels,1.8328525098314126,-6.851290612566682,2026-09-23T07:06:00.000Z
Y-5.00,0029,C3,0020,HAADF,data/9_DF/DF/0029 - 5MM 22500 x STEM HAADF.tif,data/9_DF/DF/0029 - 5MM 22500 x STEM HAADF.mrc,data/9_DF/DF/0029 - 5MM 22500 x STEM.emd,HAADF,,1.8328525098314126,-6.851290612566682,2026-09-23T07:05:59.000Z
Y-5.00,0030,C3,0020,BF-S,data/9_DF/DF/0030 - 5MM 32000 x STEM BF-S.tif,data/9_DF/DF/0030 - 5MM 32000 x STEM BF-S.mrc,data/9_DF/DF/0030 - 5MM 32000 x STEM.emd,BF-S,,1.8328525098314126,-6.8532333744987275,2026-09-23T07:06:58.000Z
Y-5.00,0030,C3,0020,DF-S,data/9_DF/DF/0030 - 5MM 32000 x STEM DF-S.tif,data/9_DF/DF/0030 - 5MM 32000 x STEM DF-S.mrc,data/9_DF/DF/0030 - 5MM 32000 x STEM.emd,DF-S,,1.8328525098314126,-6.8532333744987275,2026-09-23T07:06:58.000Z
Y-5.00,0030,C3,0020,DF-O,data/9_DF/DF/0030 - 5MM 32000 x STEM DF-O.tif,data/9_DF/DF/0030 - 5MM 32000 x STEM DF-O.mrc,data/9_DF/DF/0030 - 5MM 32000 x STEM.emd,DF-S,filename/XML identity differs; preserve source labels,1.8328525098314126,-6.8532333744987275,2026-09-23T07:06:58.000Z
Y-5.00,0030,C3,0020,HAADF,data/9_DF/DF/0030 - 5MM 32000 x STEM HAADF.tif,data/9_DF/DF/0030 - 5MM 32000 x STEM HAADF.mrc,data/9_DF/DF/0030 - 5MM 32000 x STEM.emd,HAADF,,1.8328525098314126,-6.8532333744987275,2026-09-23T07:06:58.000Z
Y-5.00,0031,C3,0020,BF-S,data/9_DF/DF/0031 - 5MM 45000 x STEM BF-S.tif,data/9_DF/DF/0031 - 5MM 45000 x STEM BF-S.mrc,data/9_DF/DF/0031 - 5MM 45000 x STEM.emd,BF-S,,1.8328525098314126,-6.8527480041808335,2026-09-23T07:07:27.000Z
Y-5.00,0031,C3,0020,DF-S,data/9_DF/DF/0031 - 5MM 45000 x STEM DF-S.tif,data/9_DF/DF/0031 - 5MM 45000 x STEM DF-S.mrc,data/9_DF/DF/0031 - 5MM 45000 x STEM.emd,DF-S,,1.8328525098314126,-6.8527480041808335,2026-09-23T07:07:27.000Z
Y-5.00,0031,C3,0020,DF-O,data/9_DF/DF/0031 - 5MM 45000 x STEM DF-O.tif,data/9_DF/DF/0031 - 5MM 45000 x STEM DF-O.mrc,data/9_DF/DF/0031 - 5MM 45000 x STEM.emd,DF-S,filename/XML identity differs; preserve source labels,1.8328525098314126,-6.8527480041808335,2026-09-23T07:07:27.000Z
Y-5.00,0031,C3,0020,HAADF,data/9_DF/DF/0031 - 5MM 45000 x STEM HAADF.tif,data/9_DF/DF/0031 - 5MM 45000 x STEM HAADF.mrc,data/9_DF/DF/0031 - 5MM 45000 x STEM.emd,HAADF,,1.8328525098314126,-6.8527480041808335,2026-09-23T07:07:27.000Z
Y-5.00,0032,C4,0022,BF-S,data/9_DF/DF/0032 - 5MM 22500 x STEM BF-S.tif,data/9_DF/DF/0032 - 5MM 22500 x STEM BF-S.mrc,data/9_DF/DF/0032 - 5MM 22500 x STEM.emd,BF-S,,12.643254087894977,-1.8553355106693386,2026-09-23T07:09:01.000Z
Y-5.00,0032,C4,0022,DF-S,data/9_DF/DF/0032 - 5MM 22500 x STEM DF-S.tif,data/9_DF/DF/0032 - 5MM 22500 x STEM DF-S.mrc,data/9_DF/DF/0032 - 5MM 22500 x STEM.emd,DF-S,,12.643254087894977,-1.8553355106693386,2026-09-23T07:09:01.000Z
Y-5.00,0032,C4,0022,DF-O,data/9_DF/DF/0032 - 5MM 22500 x STEM DF-O.tif,data/9_DF/DF/0032 - 5MM 22500 x STEM DF-O.mrc,data/9_DF/DF/0032 - 5MM 22500 x STEM.emd,DF-S,filename/XML identity differs; preserve source labels,12.643254087894977,-1.8553355106693386,2026-09-23T07:09:01.000Z
Y-5.00,0032,C4,0022,HAADF,data/9_DF/DF/0032 - 5MM 22500 x STEM HAADF.tif,data/9_DF/DF/0032 - 5MM 22500 x STEM HAADF.mrc,data/9_DF/DF/0032 - 5MM 22500 x STEM.emd,HAADF,,12.643254087894977,-1.8553355106693386,2026-09-23T07:09:01.000Z
Y-5.00,0033,C4,0022,BF-S,data/9_DF/DF/0033 - 5MM 32000 x STEM BF-S.tif,data/9_DF/DF/0033 - 5MM 32000 x STEM BF-S.mrc,data/9_DF/DF/0033 - 5MM 32000 x STEM.emd,BF-S,,12.643254087894977,-1.854849926908033,2026-09-23T07:10:09.000Z
Y-5.00,0033,C4,0022,DF-S,data/9_DF/DF/0033 - 5MM 32000 x STEM DF-S.tif,data/9_DF/DF/0033 - 5MM 32000 x STEM DF-S.mrc,data/9_DF/DF/0033 - 5MM 32000 x STEM.emd,DF-S,,12.643254087894977,-1.854849926908033,2026-09-23T07:10:10.000Z
Y-5.00,0033,C4,0022,DF-O,data/9_DF/DF/0033 - 5MM 32000 x STEM DF-O.tif,data/9_DF/DF/0033 - 5MM 32000 x STEM DF-O.mrc,data/9_DF/DF/0033 - 5MM 32000 x STEM.emd,DF-S,filename/XML identity differs; preserve source labels,12.643254087894977,-1.854849926908033,2026-09-23T07:10:10.000Z
Y-5.00,0033,C4,0022,HAADF,data/9_DF/DF/0033 - 5MM 32000 x STEM HAADF.tif,data/9_DF/DF/0033 - 5MM 32000 x STEM HAADF.mrc,data/9_DF/DF/0033 - 5MM 32000 x STEM.emd,HAADF,,12.643254087894977,-1.854849926908033,2026-09-23T07:10:09.000Z
Y-5.00,0034,C4,0022,BF-S,data/9_DF/DF/0034 - 5MM 45000 x STEM BF-S.tif,data/9_DF/DF/0034 - 5MM 45000 x STEM BF-S.mrc,data/9_DF/DF/0034 - 5MM 45000 x STEM.emd,BF-S,,12.643254087894977,-1.8563064647485383,2026-09-23T07:10:41.000Z
Y-5.00,0034,C4,0022,DF-S,data/9_DF/DF/0034 - 5MM 45000 x STEM DF-S.tif,data/9_DF/DF/0034 - 5MM 45000 x STEM DF-S.mrc,data/9_DF/DF/0034 - 5MM 45000 x STEM.emd,DF-S,,12.643254087894977,-1.8563064647485383,2026-09-23T07:10:42.000Z
Y-5.00,0034,C4,0022,DF-O,data/9_DF/DF/0034 - 5MM 45000 x STEM DF-O.tif,data/9_DF/DF/0034 - 5MM 45000 x STEM DF-O.mrc,data/9_DF/DF/0034 - 5MM 45000 x STEM.emd,DF-S,filename/XML identity differs; preserve source labels,12.643254087894977,-1.8563064647485383,2026-09-23T07:10:42.000Z
Y-5.00,0034,C4,0022,HAADF,data/9_DF/DF/0034 - 5MM 45000 x STEM HAADF.tif,data/9_DF/DF/0034 - 5MM 45000 x STEM HAADF.mrc,data/9_DF/DF/0034 - 5MM 45000 x STEM.emd,HAADF,,12.643254087894977,-1.8563064647485383,2026-09-23T07:10:41.000Z
