parameter,value
metric,"literature-CRSS-normalized nominal activation stress"
grain_equation,"sigma_act = CRSS / max(abs(Schmid factor))"
aggregate_equation,"reported nominal state value = CRSS / area-weighted mean max(abs(m))"
load_geometry,"uniaxial tension"
load_axis,"AD (vector3d.X)"
orientation_input,"mean orientation of each retained reconstructed Ti-Hex grain"
weighting,"reconstructed-grain area"
grain_detection_threshold_deg,"2"
minimum_grain_pixels,"5"
prismatic_a_crss_mpa,"154"
basal_a_crss_mpa,"252"
pyramidal_ca_crss_mpa,"756"
crss_source,"Xiong et al., Acta Materialia 199 (2020) 561-577, Table 4"
source_doi,"10.1016/j.actamat.2020.08.010"
source_material,"commercially pure titanium Grade 4"
source_composition,"Fe 0.05-0.055 wt.%, O 0.32 wt.%, N 0.006 wt.%"
project_composition_relevance,"project O 0.326-0.339 wt.% is close; project Fe 0.367-0.370 wt.% is higher"
excluded_family,"pyramidal_a: source does not provide an independent CRSS"
primary_input,"raw CTF"
sensitivity_input,"denoised CTF"
interpretive_limit,"screening estimate only: literature CRSS is held constant across project states; local stress, latent hardening, interaction, rate dependence and deformation-history-dependent CRSS are not resolved"
