sample,folder,input_file,cold_reduction_percent,detection_floor_deg,classification_angle_deg,min_pixel,min_inner_component_length_um,grain_count,indexed_ti_hex_pixel_count,indexed_ti_hex_area_um2,raw_inner_segment_count,raw_inner_boundary_length_um,retained_inner_segment_count,retained_inner_boundary_length_um,removed_inner_segment_count,removed_inner_boundary_length_um,outer_segment_count,outer_boundary_length_um,retained_segment_count,total_retained_boundary_length_um,lagb_segment_count,hagb_segment_count,lagb_length_um,hagb_length_um,lagb_length_fraction,hagb_length_fraction,lagb_length_density_um_per_um2,hagb_length_density_um_per_um2,weighted_mean_angle_deg,weighted_median_angle_deg,min_angle_deg,max_angle_deg
7d,d7,ebsd_sample_7_map_15.ctf,0,0.5,15,5,1,2837,358203,89550.75,8775,4338.71019425529,7058,3492.50468580448,1717,846.205508450813,71430,35098.8349383181,78488,38591.3396241224,6786,71702,3358.51204511736,35232.8275790053,0.0870276097650171,0.91297239023499,0.0375040080079437,0.393439782235272,48.0715437458973,47.1919078019015,0.500143552758724,93.3008160830109
7d,d7,ebsd_sample_7_map_15.ctf,0,1,15,5,1,2837,358203,89550.75,4086,2011.31879951253,3916,1929.3122018735,170,82.0065976390285,71430,35098.8349383181,75346,37028.1471401915,3645,71701,1795.81956118638,35232.3275790053,0.0484987691765204,0.951501230823484,0.0200536518252095,0.393434198809114,50.0716615968709,48.9347531407019,1.00026248651525,93.3008160830109
7d,d7,ebsd_sample_7_map_15.ctf,0,2,15,5,1,2837,358203,89550.75,3405,1674.28313801103,3364,1654.59746466097,41,19.685673350061,71430,35098.8349383181,74794,36753.432402979,3093,71701,1521.10482397385,35232.3275790053,0.0413867419863228,0.95861325801368,0.016985952925842,0.393434198809114,50.4355195051613,49.2654043456406,2.01816198116505,93.3008160830109
6.48d,d6_48,ebsd_sample_648_map_13.ctf,14.31,0.5,15,5,1,2118,350441,87610.25,583987,290940.690814355,583755,290822.950494336,232,117.740320018965,66648,31491.8293303419,650403,322314.779824678,580010,70393,289107.582942901,33207.1968817773,0.896972776427318,0.103027223572684,3.29992875197709,0.3790332396241,7.00678962706179,1.55436041577392,0.500002999591717,93.7682121949247
6.48d,d6_48,ebsd_sample_648_map_13.ctf,14.31,1,15,5,1,2118,350441,87610.25,416066,206897.176087046,412676,205200.726133096,3390,1696.44995394979,66648,31491.8293303419,479324,236692.555463438,408931,70393,203485.358581661,33207.1968817773,0.859703247460581,0.140296752539422,2.32262045344764,0.3790332396241,9.26469426577723,2.04459741067763,1.00000010396679,93.7682121949247
6.48d,d6_48,ebsd_sample_648_map_13.ctf,14.31,2,15,5,1,2118,350441,87610.25,182130,89902.2842393274,173295,85552.2995179583,8835,4349.9847213691,66648,31491.8293303419,239943,117044.1288483,169552,70391,83837.6183055209,33206.5105427792,0.716290677118735,0.28370932288127,0.956938466737863,0.37902540562068,17.234662895764,3.83504466121866,2.00001503246779,93.7682121949247
6.02d,d6_02,ebsd_sample_602_map_11.ctf,26.04,0.5,15,5,1,2325,355266,88816.5,498007,248466.88006297,496459,247688.936797606,1548,777.943265363641,66687,32091.4257966131,563146,279780.362594219,494765,68381,246873.499960942,32906.8626332775,0.882383229730087,0.117616770269914,2.77959050357694,0.370503933765433,7.42993470586703,1.11232294796231,0.500001332960632,93.6255270920737
6.02d,d6_02,ebsd_sample_602_map_11.ctf,26.04,1,15,5,1,2325,355266,88816.5,253951,126389.120420296,245931,122398.767279263,8020,3990.35314103346,66687,32091.4257966131,312618,154490.193075876,244237,68381,121583.330442598,32906.8626332775,0.786997077431864,0.213002922568139,1.3689272876391,0.370503933765433,12.8502907533452,1.78671346006085,1.00000163183116,93.6255270920737
6.02d,d6_02,ebsd_sample_602_map_11.ctf,26.04,2,15,5,1,2325,355266,88816.5,72350,35689.0849830482,63944,31574.7147659355,8406,4114.37021711296,66687,32091.4257966131,130631,63666.140562548,62250,68381,30759.277929271,32906.8626332775,0.483134012168556,0.516865987831454,0.34632391424196,0.370503933765433,29.142437487117,18.8677220967009,2.00000626836153,93.6255270920737
5.6d,d5_6,ebsd_sample_56_map_9.ctf,36,0.5,15,5,1,1855,335389,83847.25,598233,298464.743612112,598087,298383.088366822,146,81.6552452900566,65056,29976.4048889603,663143,328359.493255781,590584,72559,295037.149515729,33322.3437400534,0.89851871371328,0.101481286286724,3.51874568952147,0.397417252683343,7.33589450467528,1.94265574498871,0.50000218200569,93.2985969587528
5.6d,d5_6,ebsd_sample_56_map_9.ctf,36,1,15,5,1,1855,335389,83847.25,484589,241412.740782717,482999,240612.079651341,1590,800.661131376163,65056,29976.4048889603,548055,270588.4845403,475496,72559,237266.140800247,33322.3437400534,0.876852321351874,0.12314767864813,2.82974266657818,0.397417252683343,8.73631551078832,2.32979391691876,1.00000438970408,93.2985969587528
5.6d,d5_6,ebsd_sample_56_map_9.ctf,36,2,15,5,1,1855,335389,83847.25,261770,129460.645006818,254413,125844.352049292,7357,3616.29295752601,65056,29976.4048889603,319469,155820.756938251,246910,72559,122498.413198199,33322.3437400534,0.78614951951968,0.213850480480327,1.46097114930065,0.397417252683343,14.0728172191562,3.79271071618957,2.00000017698847,93.2985969587528
5.25d,d5_25,ebsd_sample_525_map_7.ctf,43.75,0.5,15,5,1,1530,317224,79306,587404,295468.196191747,587198,295348.574749567,206,119.621442179829,62791,29035.1905639279,649989,324383.765313493,569149,80840,287257.368563007,37126.3967504863,0.885547919716,0.114452080284,3.62213916428779,0.46814108327852,8.14248854776077,2.59725717635745,0.500018367028261,93.6097781853428
5.25d,d5_25,ebsd_sample_525_map_7.ctf,43.75,1,15,5,1,1530,317224,79306,520392,261479.337479994,519737,261134.575477209,655,344.762002784751,62791,29035.1905639279,582528,290169.766041136,501688,80840,253043.36929065,37126.3967504863,0.872052842523839,0.127947157476162,3.19072162624076,0.46814108327852,9.01027004572267,2.92177963220458,1.00000853461805,93.6097781853428
5.25d,d5_25,ebsd_sample_525_map_7.ctf,43.75,2,15,5,1,1530,317224,79306,346741,173180.696769096,342324,170978.170947799,4417,2202.52582129678,62791,29035.1905639279,405115,200013.361511726,324275,80840,162886.96476124,37126.3967504863,0.814380417038741,0.18561958296126,2.05390468263737,0.46814108327852,12.389101293108,4.19322771903491,2.00001965322066,93.6097781853428
5d,d5,ebsd_sample_5_map_3.ctf,48.98,0.5,15,5,1,1932,328099,82024.75,594938,297152.533125871,594758,297052.40726786,180,100.125858011238,70048,32211.6622027433,664806,329264.069470602,581403,83403,291116.212420464,38147.8570501367,0.884142059255137,0.115857940744861,3.54912648219549,0.465077394934293,8.18446767186425,2.36723985850425,0.500000525646892,93.5938826353144
5d,d5,ebsd_sample_5_map_3.ctf,48.98,1,15,5,1,1932,328099,82024.75,514896,256804.68723496,514016,256360.097553756,880,444.589681203167,70048,32211.6622027433,584064,288571.759756498,500661,83403,250423.902706361,38147.8570501367,0.867804607483674,0.132195392516324,3.05302853963421,0.465077394934293,9.22815939571177,2.71078018408142,1.00000038294905,93.5938826353144
5d,d5,ebsd_sample_5_map_3.ctf,48.98,2,15,5,1,1932,328099,82024.75,322101,159496.837930107,316478,156716.335785207,5623,2780.50214489945,70048,32211.6622027433,386526,188927.997987949,303123,83403,150780.140937812,38147.8570501367,0.798082563429426,0.201917436570571,1.83822737573491,0.465077394934293,13.2990793026815,4.07100556725172,2.00000426419384,93.5938826353144
